,mape,mae,mse,r2,time_step,filters,kernel_size,unit_num,pool_size,attention_units,input_feature
0,0.05483721209471511,3.8360465116279046,32.234746511627876,-11.917567444617063,20,32,4,16,2,32,Course_sin_Course_cos_Speed_Altitude_Ratio_BarometricPressure_RelativeHumidity_Wind_Temperature_Interaction_day_cycle_sin_day_cycle_cos_year_cycle_sin_year_cycle_cos_minute_cycle_sin_minute_cycle_cos_second_cycle_sin_second_cycle_cos_Distance_Model_Frequency_Model_Rareness
0,0.05408706037175526,3.7758139534883717,33.41393953488369,-40.273410269856754,20,32,4,16,2,64,Course_sin_Course_cos_Speed_Altitude_Ratio_BarometricPressure_RelativeHumidity_Wind_Temperature_Interaction_day_cycle_sin_day_cycle_cos_year_cycle_sin_year_cycle_cos_minute_cycle_sin_minute_cycle_cos_second_cycle_sin_second_cycle_cos_Distance_Model_Frequency_Model_Rareness
0,0.05064427656327146,3.5072093023255815,33.741597674418585,-50.64839516168406,20,32,4,16,2,128,Course_sin_Course_cos_Speed_Altitude_Ratio_BarometricPressure_RelativeHumidity_Wind_Temperature_Interaction_day_cycle_sin_day_cycle_cos_year_cycle_sin_year_cycle_cos_minute_cycle_sin_minute_cycle_cos_second_cycle_sin_second_cycle_cos_Distance_Model_Frequency_Model_Rareness
0,0.050683040695995045,3.5141860465116284,32.86900697674417,-64.78507750163266,20,32,4,16,4,32,Course_sin_Course_cos_Speed_Altitude_Ratio_BarometricPressure_RelativeHumidity_Wind_Temperature_Interaction_day_cycle_sin_day_cycle_cos_year_cycle_sin_year_cycle_cos_minute_cycle_sin_minute_cycle_cos_second_cycle_sin_second_cycle_cos_Distance_Model_Frequency_Model_Rareness
0,0.05483721209471511,3.8360465116279046,32.234746511627876,-11.917567444617063,20,32,4,16,2,32,Course_sin_Course_cos_Speed_Altitude_Ratio_BarometricPressure_RelativeHumidity_Wind_Temperature_Interaction_day_cycle_sin_day_cycle_cos_year_cycle_sin_year_cycle_cos_minute_cycle_sin_minute_cycle_cos_second_cycle_sin_second_cycle_cos_Distance_Model_Frequency_Model_Rareness
0,0.05408706037175526,3.7758139534883717,33.41393953488369,-40.273410269856754,20,32,4,16,2,64,Course_sin_Course_cos_Speed_Altitude_Ratio_BarometricPressure_RelativeHumidity_Wind_Temperature_Interaction_day_cycle_sin_day_cycle_cos_year_cycle_sin_year_cycle_cos_minute_cycle_sin_minute_cycle_cos_second_cycle_sin_second_cycle_cos_Distance_Model_Frequency_Model_Rareness
0,0.05064427656327146,3.5072093023255815,33.741597674418585,-50.64839516168406,20,32,4,16,2,128,Course_sin_Course_cos_Speed_Altitude_Ratio_BarometricPressure_RelativeHumidity_Wind_Temperature_Interaction_day_cycle_sin_day_cycle_cos_year_cycle_sin_year_cycle_cos_minute_cycle_sin_minute_cycle_cos_second_cycle_sin_second_cycle_cos_Distance_Model_Frequency_Model_Rareness
0,0.050683040695995045,3.5141860465116284,32.86900697674417,-64.78507750163266,20,32,4,16,4,32,Course_sin_Course_cos_Speed_Altitude_Ratio_BarometricPressure_RelativeHumidity_Wind_Temperature_Interaction_day_cycle_sin_day_cycle_cos_year_cycle_sin_year_cycle_cos_minute_cycle_sin_minute_cycle_cos_second_cycle_sin_second_cycle_cos_Distance_Model_Frequency_Model_Rareness
0,0.0492001710506857,3.396279069767441,32.09952093023253,-120.57220857355098,20,32,4,16,4,64,Course_sin_Course_cos_Speed_Altitude_Ratio_BarometricPressure_RelativeHumidity_Wind_Temperature_Interaction_day_cycle_sin_day_cycle_cos_year_cycle_sin_year_cycle_cos_minute_cycle_sin_minute_cycle_cos_second_cycle_sin_second_cycle_cos_Distance_Model_Frequency_Model_Rareness
0,0.05219814924731131,3.62139534883721,33.19268837209301,-101.07553152280492,20,32,4,16,4,128,Course_sin_Course_cos_Speed_Altitude_Ratio_BarometricPressure_RelativeHumidity_Wind_Temperature_Interaction_day_cycle_sin_day_cycle_cos_year_cycle_sin_year_cycle_cos_minute_cycle_sin_minute_cycle_cos_second_cycle_sin_second_cycle_cos_Distance_Model_Frequency_Model_Rareness
0,0.050311295083489666,3.418372093023254,38.085886046511604,-36.34927115654015,20,32,4,32,2,32,Course_sin_Course_cos_Speed_Altitude_Ratio_BarometricPressure_RelativeHumidity_Wind_Temperature_Interaction_day_cycle_sin_day_cycle_cos_year_cycle_sin_year_cycle_cos_minute_cycle_sin_minute_cycle_cos_second_cycle_sin_second_cycle_cos_Distance_Model_Frequency_Model_Rareness
0,0.05803640209162163,3.8741860465116273,43.88111395348835,-36.82037529050664,20,32,4,32,2,64,Course_sin_Course_cos_Speed_Altitude_Ratio_BarometricPressure_RelativeHumidity_Wind_Temperature_Interaction_day_cycle_sin_day_cycle_cos_year_cycle_sin_year_cycle_cos_minute_cycle_sin_minute_cycle_cos_second_cycle_sin_second_cycle_cos_Distance_Model_Frequency_Model_Rareness
0,0.04561213698897385,3.167441860465115,30.32364651162788,-36.03328941877563,20,32,4,32,2,128,Course_sin_Course_cos_Speed_Altitude_Ratio_BarometricPressure_RelativeHumidity_Wind_Temperature_Interaction_day_cycle_sin_day_cycle_cos_year_cycle_sin_year_cycle_cos_minute_cycle_sin_minute_cycle_cos_second_cycle_sin_second_cycle_cos_Distance_Model_Frequency_Model_Rareness
0,0.04720581600026391,3.2299999999999995,33.852360465116256,-145.9803313203073,20,32,4,32,4,32,Course_sin_Course_cos_Speed_Altitude_Ratio_BarometricPressure_RelativeHumidity_Wind_Temperature_Interaction_day_cycle_sin_day_cycle_cos_year_cycle_sin_year_cycle_cos_minute_cycle_sin_minute_cycle_cos_second_cycle_sin_second_cycle_cos_Distance_Model_Frequency_Model_Rareness
0,0.05064986349721031,3.512790697674419,32.45796976744184,-18.589197606763694,20,32,4,32,4,64,Course_sin_Course_cos_Speed_Altitude_Ratio_BarometricPressure_RelativeHumidity_Wind_Temperature_Interaction_day_cycle_sin_day_cycle_cos_year_cycle_sin_year_cycle_cos_minute_cycle_sin_minute_cycle_cos_second_cycle_sin_second_cycle_cos_Distance_Model_Frequency_Model_Rareness
0,0.052031647663568784,3.615581395348838,34.11727209302324,-24.554363004714443,20,32,4,32,4,128,Course_sin_Course_cos_Speed_Altitude_Ratio_BarometricPressure_RelativeHumidity_Wind_Temperature_Interaction_day_cycle_sin_day_cycle_cos_year_cycle_sin_year_cycle_cos_minute_cycle_sin_minute_cycle_cos_second_cycle_sin_second_cycle_cos_Distance_Model_Frequency_Model_Rareness
0,0.05206045403604034,3.5741860465116257,35.314853488372066,-47.61989024085687,20,32,4,64,2,32,Course_sin_Course_cos_Speed_Altitude_Ratio_BarometricPressure_RelativeHumidity_Wind_Temperature_Interaction_day_cycle_sin_day_cycle_cos_year_cycle_sin_year_cycle_cos_minute_cycle_sin_minute_cycle_cos_second_cycle_sin_second_cycle_cos_Distance_Model_Frequency_Model_Rareness
0,0.05118115403611359,3.491860465116277,38.00619302325578,-37.376571562756865,20,32,4,64,2,64,Course_sin_Course_cos_Speed_Altitude_Ratio_BarometricPressure_RelativeHumidity_Wind_Temperature_Interaction_day_cycle_sin_day_cycle_cos_year_cycle_sin_year_cycle_cos_minute_cycle_sin_minute_cycle_cos_second_cycle_sin_second_cycle_cos_Distance_Model_Frequency_Model_Rareness
0,0.05004250687471148,3.420232558139533,35.16393255813949,-30.2766222441065,20,32,4,64,2,128,Course_sin_Course_cos_Speed_Altitude_Ratio_BarometricPressure_RelativeHumidity_Wind_Temperature_Interaction_day_cycle_sin_day_cycle_cos_year_cycle_sin_year_cycle_cos_minute_cycle_sin_minute_cycle_cos_second_cycle_sin_second_cycle_cos_Distance_Model_Frequency_Model_Rareness
0,0.05707175656895084,4.0886046511627905,27.123193023255798,-28.0271075376461,20,32,4,64,4,32,Course_sin_Course_cos_Speed_Altitude_Ratio_BarometricPressure_RelativeHumidity_Wind_Temperature_Interaction_day_cycle_sin_day_cycle_cos_year_cycle_sin_year_cycle_cos_minute_cycle_sin_minute_cycle_cos_second_cycle_sin_second_cycle_cos_Distance_Model_Frequency_Model_Rareness
0,0.054938938707448357,3.8574418604651153,32.506537209302294,-38.95602068673104,20,32,4,64,4,64,Course_sin_Course_cos_Speed_Altitude_Ratio_BarometricPressure_RelativeHumidity_Wind_Temperature_Interaction_day_cycle_sin_day_cycle_cos_year_cycle_sin_year_cycle_cos_minute_cycle_sin_minute_cycle_cos_second_cycle_sin_second_cycle_cos_Distance_Model_Frequency_Model_Rareness
0,0.05714182890444475,4.06488372093023,30.777909302325575,-11.52665966421331,20,32,4,64,4,128,Course_sin_Course_cos_Speed_Altitude_Ratio_BarometricPressure_RelativeHumidity_Wind_Temperature_Interaction_day_cycle_sin_day_cycle_cos_year_cycle_sin_year_cycle_cos_minute_cycle_sin_minute_cycle_cos_second_cycle_sin_second_cycle_cos_Distance_Model_Frequency_Model_Rareness
0,0.062398920263429525,4.380465116279068,39.0183302325581,-19.205722710582766,20,32,8,16,2,32,Course_sin_Course_cos_Speed_Altitude_Ratio_BarometricPressure_RelativeHumidity_Wind_Temperature_Interaction_day_cycle_sin_day_cycle_cos_year_cycle_sin_year_cycle_cos_minute_cycle_sin_minute_cycle_cos_second_cycle_sin_second_cycle_cos_Distance_Model_Frequency_Model_Rareness
0,0.049890744335782465,3.456976744186046,32.53781627906974,-32.18618348661103,20,32,8,16,2,64,Course_sin_Course_cos_Speed_Altitude_Ratio_BarometricPressure_RelativeHumidity_Wind_Temperature_Interaction_day_cycle_sin_day_cycle_cos_year_cycle_sin_year_cycle_cos_minute_cycle_sin_minute_cycle_cos_second_cycle_sin_second_cycle_cos_Distance_Model_Frequency_Model_Rareness
0,0.050188405416916125,3.4839534883720917,32.13192790697672,-117.33038436504397,20,32,8,16,2,128,Course_sin_Course_cos_Speed_Altitude_Ratio_BarometricPressure_RelativeHumidity_Wind_Temperature_Interaction_day_cycle_sin_day_cycle_cos_year_cycle_sin_year_cycle_cos_minute_cycle_sin_minute_cycle_cos_second_cycle_sin_second_cycle_cos_Distance_Model_Frequency_Model_Rareness
0,0.05205260584759025,3.6118604651162793,34.09342558139533,-32.23118331095023,20,32,8,16,4,32,Course_sin_Course_cos_Speed_Altitude_Ratio_BarometricPressure_RelativeHumidity_Wind_Temperature_Interaction_day_cycle_sin_day_cycle_cos_year_cycle_sin_year_cycle_cos_minute_cycle_sin_minute_cycle_cos_second_cycle_sin_second_cycle_cos_Distance_Model_Frequency_Model_Rareness
0,0.051828018033771586,3.6109302325581383,32.16891860465114,-51.31299965541158,20,32,8,16,4,64,Course_sin_Course_cos_Speed_Altitude_Ratio_BarometricPressure_RelativeHumidity_Wind_Temperature_Interaction_day_cycle_sin_day_cycle_cos_year_cycle_sin_year_cycle_cos_minute_cycle_sin_minute_cycle_cos_second_cycle_sin_second_cycle_cos_Distance_Model_Frequency_Model_Rareness
0,0.04500794513444241,3.0946511627906963,31.375234883720903,-69.63176795136131,20,32,8,16,4,128,Course_sin_Course_cos_Speed_Altitude_Ratio_BarometricPressure_RelativeHumidity_Wind_Temperature_Interaction_day_cycle_sin_day_cycle_cos_year_cycle_sin_year_cycle_cos_minute_cycle_sin_minute_cycle_cos_second_cycle_sin_second_cycle_cos_Distance_Model_Frequency_Model_Rareness
0,0.04831351781150736,3.325813953488372,33.944067441860426,-68.5395583599708,20,32,8,32,2,32,Course_sin_Course_cos_Speed_Altitude_Ratio_BarometricPressure_RelativeHumidity_Wind_Temperature_Interaction_day_cycle_sin_day_cycle_cos_year_cycle_sin_year_cycle_cos_minute_cycle_sin_minute_cycle_cos_second_cycle_sin_second_cycle_cos_Distance_Model_Frequency_Model_Rareness
0,0.05232826113910664,3.602558139534884,36.437644186046484,-20.435575018144743,20,32,8,32,2,64,Course_sin_Course_cos_Speed_Altitude_Ratio_BarometricPressure_RelativeHumidity_Wind_Temperature_Interaction_day_cycle_sin_day_cycle_cos_year_cycle_sin_year_cycle_cos_minute_cycle_sin_minute_cycle_cos_second_cycle_sin_second_cycle_cos_Distance_Model_Frequency_Model_Rareness
0,0.05430171064699749,3.755116279069767,35.940193023255794,-30.395069843233937,20,32,8,32,2,128,Course_sin_Course_cos_Speed_Altitude_Ratio_BarometricPressure_RelativeHumidity_Wind_Temperature_Interaction_day_cycle_sin_day_cycle_cos_year_cycle_sin_year_cycle_cos_minute_cycle_sin_minute_cycle_cos_second_cycle_sin_second_cycle_cos_Distance_Model_Frequency_Model_Rareness
0,0.04768598658219454,3.2860465116279074,32.48130232558138,-103.24157386254568,20,32,8,32,4,32,Course_sin_Course_cos_Speed_Altitude_Ratio_BarometricPressure_RelativeHumidity_Wind_Temperature_Interaction_day_cycle_sin_day_cycle_cos_year_cycle_sin_year_cycle_cos_minute_cycle_sin_minute_cycle_cos_second_cycle_sin_second_cycle_cos_Distance_Model_Frequency_Model_Rareness
0,0.052247680857920795,3.5553488372093023,37.9151906976744,-34.9875355793369,20,32,8,32,4,64,Course_sin_Course_cos_Speed_Altitude_Ratio_BarometricPressure_RelativeHumidity_Wind_Temperature_Interaction_day_cycle_sin_day_cycle_cos_year_cycle_sin_year_cycle_cos_minute_cycle_sin_minute_cycle_cos_second_cycle_sin_second_cycle_cos_Distance_Model_Frequency_Model_Rareness
0,0.051157876196501445,3.526511627906975,34.32467441860462,-40.53248569084693,20,32,8,32,4,128,Course_sin_Course_cos_Speed_Altitude_Ratio_BarometricPressure_RelativeHumidity_Wind_Temperature_Interaction_day_cycle_sin_day_cycle_cos_year_cycle_sin_year_cycle_cos_minute_cycle_sin_minute_cycle_cos_second_cycle_sin_second_cycle_cos_Distance_Model_Frequency_Model_Rareness
0,0.050905195358595834,3.503488372093021,35.163923255813934,-51.120659657506906,20,32,8,64,2,32,Course_sin_Course_cos_Speed_Altitude_Ratio_BarometricPressure_RelativeHumidity_Wind_Temperature_Interaction_day_cycle_sin_day_cycle_cos_year_cycle_sin_year_cycle_cos_minute_cycle_sin_minute_cycle_cos_second_cycle_sin_second_cycle_cos_Distance_Model_Frequency_Model_Rareness
0,0.054399037386681864,3.8227906976744173,33.56002325581392,-20.560012055056358,20,32,8,64,2,64,Course_sin_Course_cos_Speed_Altitude_Ratio_BarometricPressure_RelativeHumidity_Wind_Temperature_Interaction_day_cycle_sin_day_cycle_cos_year_cycle_sin_year_cycle_cos_minute_cycle_sin_minute_cycle_cos_second_cycle_sin_second_cycle_cos_Distance_Model_Frequency_Model_Rareness
0,0.05307307845957095,3.6932558139534857,33.688239534883685,-19.12317022088091,20,32,8,64,2,128,Course_sin_Course_cos_Speed_Altitude_Ratio_BarometricPressure_RelativeHumidity_Wind_Temperature_Interaction_day_cycle_sin_day_cycle_cos_year_cycle_sin_year_cycle_cos_minute_cycle_sin_minute_cycle_cos_second_cycle_sin_second_cycle_cos_Distance_Model_Frequency_Model_Rareness
0,0.05051971208612129,3.4460465116279053,37.38167906976741,-50.035989601816,20,32,8,64,4,32,Course_sin_Course_cos_Speed_Altitude_Ratio_BarometricPressure_RelativeHumidity_Wind_Temperature_Interaction_day_cycle_sin_day_cycle_cos_year_cycle_sin_year_cycle_cos_minute_cycle_sin_minute_cycle_cos_second_cycle_sin_second_cycle_cos_Distance_Model_Frequency_Model_Rareness
0,0.05122736090659627,3.548372093023254,33.9021906976744,-34.16391534068603,20,32,8,64,4,64,Course_sin_Course_cos_Speed_Altitude_Ratio_BarometricPressure_RelativeHumidity_Wind_Temperature_Interaction_day_cycle_sin_day_cycle_cos_year_cycle_sin_year_cycle_cos_minute_cycle_sin_minute_cycle_cos_second_cycle_sin_second_cycle_cos_Distance_Model_Frequency_Model_Rareness
0,0.05095649880734955,3.4602325581395355,38.49877906976741,-39.405145860240545,20,32,8,64,4,128,Course_sin_Course_cos_Speed_Altitude_Ratio_BarometricPressure_RelativeHumidity_Wind_Temperature_Interaction_day_cycle_sin_day_cycle_cos_year_cycle_sin_year_cycle_cos_minute_cycle_sin_minute_cycle_cos_second_cycle_sin_second_cycle_cos_Distance_Model_Frequency_Model_Rareness
0,0.05241401637356781,3.6283720930232546,33.01184651162788,-37.62236181247917,20,32,12,16,2,32,Course_sin_Course_cos_Speed_Altitude_Ratio_BarometricPressure_RelativeHumidity_Wind_Temperature_Interaction_day_cycle_sin_day_cycle_cos_year_cycle_sin_year_cycle_cos_minute_cycle_sin_minute_cycle_cos_second_cycle_sin_second_cycle_cos_Distance_Model_Frequency_Model_Rareness
0,0.06334512132336224,4.43860465116279,40.61872558139534,-11.954873881658397,20,32,12,16,2,64,Course_sin_Course_cos_Speed_Altitude_Ratio_BarometricPressure_RelativeHumidity_Wind_Temperature_Interaction_day_cycle_sin_day_cycle_cos_year_cycle_sin_year_cycle_cos_minute_cycle_sin_minute_cycle_cos_second_cycle_sin_second_cycle_cos_Distance_Model_Frequency_Model_Rareness
0,0.05040076975935832,3.4809302325581384,33.43061860465114,-72.1754602083988,20,32,12,16,2,128,Course_sin_Course_cos_Speed_Altitude_Ratio_BarometricPressure_RelativeHumidity_Wind_Temperature_Interaction_day_cycle_sin_day_cycle_cos_year_cycle_sin_year_cycle_cos_minute_cycle_sin_minute_cycle_cos_second_cycle_sin_second_cycle_cos_Distance_Model_Frequency_Model_Rareness
0,0.05473736962431706,3.8002325581395335,36.47001162790696,-20.067449810470247,20,32,12,16,4,32,Course_sin_Course_cos_Speed_Altitude_Ratio_BarometricPressure_RelativeHumidity_Wind_Temperature_Interaction_day_cycle_sin_day_cycle_cos_year_cycle_sin_year_cycle_cos_minute_cycle_sin_minute_cycle_cos_second_cycle_sin_second_cycle_cos_Distance_Model_Frequency_Model_Rareness
0,0.06322995935291885,4.455581395348837,36.32042093023254,-45.04315058988528,20,32,12,16,4,64,Course_sin_Course_cos_Speed_Altitude_Ratio_BarometricPressure_RelativeHumidity_Wind_Temperature_Interaction_day_cycle_sin_day_cycle_cos_year_cycle_sin_year_cycle_cos_minute_cycle_sin_minute_cycle_cos_second_cycle_sin_second_cycle_cos_Distance_Model_Frequency_Model_Rareness
0,0.0564428765947056,3.969302325581395,32.60208372093021,-54.20345162756123,20,32,12,16,4,128,Course_sin_Course_cos_Speed_Altitude_Ratio_BarometricPressure_RelativeHumidity_Wind_Temperature_Interaction_day_cycle_sin_day_cycle_cos_year_cycle_sin_year_cycle_cos_minute_cycle_sin_minute_cycle_cos_second_cycle_sin_second_cycle_cos_Distance_Model_Frequency_Model_Rareness
0,0.0581056182287531,4.0737209302325565,34.52435116279068,-28.00454340949584,20,32,12,32,2,32,Course_sin_Course_cos_Speed_Altitude_Ratio_BarometricPressure_RelativeHumidity_Wind_Temperature_Interaction_day_cycle_sin_day_cycle_cos_year_cycle_sin_year_cycle_cos_minute_cycle_sin_minute_cycle_cos_second_cycle_sin_second_cycle_cos_Distance_Model_Frequency_Model_Rareness
0,0.05388337868405426,3.699767441860466,38.77508604651162,-24.03064073572309,20,32,12,32,2,64,Course_sin_Course_cos_Speed_Altitude_Ratio_BarometricPressure_RelativeHumidity_Wind_Temperature_Interaction_day_cycle_sin_day_cycle_cos_year_cycle_sin_year_cycle_cos_minute_cycle_sin_minute_cycle_cos_second_cycle_sin_second_cycle_cos_Distance_Model_Frequency_Model_Rareness
0,0.05095827055918109,3.505581395348835,34.95140465116274,-45.782363223159635,20,32,12,32,2,128,Course_sin_Course_cos_Speed_Altitude_Ratio_BarometricPressure_RelativeHumidity_Wind_Temperature_Interaction_day_cycle_sin_day_cycle_cos_year_cycle_sin_year_cycle_cos_minute_cycle_sin_minute_cycle_cos_second_cycle_sin_second_cycle_cos_Distance_Model_Frequency_Model_Rareness
0,0.050036059805744916,3.4460465116279044,34.067730232558105,-51.1659269668131,20,32,12,32,4,32,Course_sin_Course_cos_Speed_Altitude_Ratio_BarometricPressure_RelativeHumidity_Wind_Temperature_Interaction_day_cycle_sin_day_cycle_cos_year_cycle_sin_year_cycle_cos_minute_cycle_sin_minute_cycle_cos_second_cycle_sin_second_cycle_cos_Distance_Model_Frequency_Model_Rareness
0,0.05684183923904326,3.9360465116279055,37.61610465116276,-16.08341799042021,20,32,12,32,4,64,Course_sin_Course_cos_Speed_Altitude_Ratio_BarometricPressure_RelativeHumidity_Wind_Temperature_Interaction_day_cycle_sin_day_cycle_cos_year_cycle_sin_year_cycle_cos_minute_cycle_sin_minute_cycle_cos_second_cycle_sin_second_cycle_cos_Distance_Model_Frequency_Model_Rareness
0,0.04829729246796084,3.333255813953488,31.936225581395323,-143.35279701800005,20,32,12,32,4,128,Course_sin_Course_cos_Speed_Altitude_Ratio_BarometricPressure_RelativeHumidity_Wind_Temperature_Interaction_day_cycle_sin_day_cycle_cos_year_cycle_sin_year_cycle_cos_minute_cycle_sin_minute_cycle_cos_second_cycle_sin_second_cycle_cos_Distance_Model_Frequency_Model_Rareness
0,0.05059316979558329,3.535813953488372,30.6423906976744,-18.626442960329477,20,32,12,64,2,32,Course_sin_Course_cos_Speed_Altitude_Ratio_BarometricPressure_RelativeHumidity_Wind_Temperature_Interaction_day_cycle_sin_day_cycle_cos_year_cycle_sin_year_cycle_cos_minute_cycle_sin_minute_cycle_cos_second_cycle_sin_second_cycle_cos_Distance_Model_Frequency_Model_Rareness
0,0.04923254033137527,3.403720930232557,34.166344186046494,-21.455157413238165,20,32,12,64,2,64,Course_sin_Course_cos_Speed_Altitude_Ratio_BarometricPressure_RelativeHumidity_Wind_Temperature_Interaction_day_cycle_sin_day_cycle_cos_year_cycle_sin_year_cycle_cos_minute_cycle_sin_minute_cycle_cos_second_cycle_sin_second_cycle_cos_Distance_Model_Frequency_Model_Rareness
0,0.05198456016429885,3.6106976744186032,33.327176744186026,-28.466633416935856,20,32,12,64,2,128,Course_sin_Course_cos_Speed_Altitude_Ratio_BarometricPressure_RelativeHumidity_Wind_Temperature_Interaction_day_cycle_sin_day_cycle_cos_year_cycle_sin_year_cycle_cos_minute_cycle_sin_minute_cycle_cos_second_cycle_sin_second_cycle_cos_Distance_Model_Frequency_Model_Rareness
0,0.05638207098361341,3.8660465116279066,40.1110325581395,-23.732427725178077,20,32,12,64,4,32,Course_sin_Course_cos_Speed_Altitude_Ratio_BarometricPressure_RelativeHumidity_Wind_Temperature_Interaction_day_cycle_sin_day_cycle_cos_year_cycle_sin_year_cycle_cos_minute_cycle_sin_minute_cycle_cos_second_cycle_sin_second_cycle_cos_Distance_Model_Frequency_Model_Rareness
0,0.05688692164112244,3.9937209302325574,33.92053255813951,-24.2725990652706,20,32,12,64,4,64,Course_sin_Course_cos_Speed_Altitude_Ratio_BarometricPressure_RelativeHumidity_Wind_Temperature_Interaction_day_cycle_sin_day_cycle_cos_year_cycle_sin_year_cycle_cos_minute_cycle_sin_minute_cycle_cos_second_cycle_sin_second_cycle_cos_Distance_Model_Frequency_Model_Rareness
0,0.04972438347522801,3.4241860465116263,34.698753488372056,-54.346108769198935,20,32,12,64,4,128,Course_sin_Course_cos_Speed_Altitude_Ratio_BarometricPressure_RelativeHumidity_Wind_Temperature_Interaction_day_cycle_sin_day_cycle_cos_year_cycle_sin_year_cycle_cos_minute_cycle_sin_minute_cycle_cos_second_cycle_sin_second_cycle_cos_Distance_Model_Frequency_Model_Rareness
0,0.0557761077114782,3.896046511627905,34.41438372093021,-20.151167325987682,20,32,16,16,2,32,Course_sin_Course_cos_Speed_Altitude_Ratio_BarometricPressure_RelativeHumidity_Wind_Temperature_Interaction_day_cycle_sin_day_cycle_cos_year_cycle_sin_year_cycle_cos_minute_cycle_sin_minute_cycle_cos_second_cycle_sin_second_cycle_cos_Distance_Model_Frequency_Model_Rareness
0,0.050840471341742625,3.5155813953488355,33.01445348837206,-37.593670556356045,20,32,16,16,2,64,Course_sin_Course_cos_Speed_Altitude_Ratio_BarometricPressure_RelativeHumidity_Wind_Temperature_Interaction_day_cycle_sin_day_cycle_cos_year_cycle_sin_year_cycle_cos_minute_cycle_sin_minute_cycle_cos_second_cycle_sin_second_cycle_cos_Distance_Model_Frequency_Model_Rareness
0,0.05098479819488119,3.5646511627906956,31.486548837209273,-42.63527486148738,20,32,16,16,2,128,Course_sin_Course_cos_Speed_Altitude_Ratio_BarometricPressure_RelativeHumidity_Wind_Temperature_Interaction_day_cycle_sin_day_cycle_cos_year_cycle_sin_year_cycle_cos_minute_cycle_sin_minute_cycle_cos_second_cycle_sin_second_cycle_cos_Distance_Model_Frequency_Model_Rareness
0,0.048254793099244755,3.332790697674419,31.979472093023237,-321.81440614859173,20,32,16,16,4,32,Course_sin_Course_cos_Speed_Altitude_Ratio_BarometricPressure_RelativeHumidity_Wind_Temperature_Interaction_day_cycle_sin_day_cycle_cos_year_cycle_sin_year_cycle_cos_minute_cycle_sin_minute_cycle_cos_second_cycle_sin_second_cycle_cos_Distance_Model_Frequency_Model_Rareness
0,0.05296835851605683,3.6855813953488363,32.62891627906975,-60.59514347695027,20,32,16,16,4,64,Course_sin_Course_cos_Speed_Altitude_Ratio_BarometricPressure_RelativeHumidity_Wind_Temperature_Interaction_day_cycle_sin_day_cycle_cos_year_cycle_sin_year_cycle_cos_minute_cycle_sin_minute_cycle_cos_second_cycle_sin_second_cycle_cos_Distance_Model_Frequency_Model_Rareness
0,0.05116215522594061,3.535348837209302,34.2240837209302,-50.72187735701919,20,32,16,16,4,128,Course_sin_Course_cos_Speed_Altitude_Ratio_BarometricPressure_RelativeHumidity_Wind_Temperature_Interaction_day_cycle_sin_day_cycle_cos_year_cycle_sin_year_cycle_cos_minute_cycle_sin_minute_cycle_cos_second_cycle_sin_second_cycle_cos_Distance_Model_Frequency_Model_Rareness
0,0.04917645136834277,3.411162790697673,32.098823255813926,-33.50672852646609,20,32,16,32,2,32,Course_sin_Course_cos_Speed_Altitude_Ratio_BarometricPressure_RelativeHumidity_Wind_Temperature_Interaction_day_cycle_sin_day_cycle_cos_year_cycle_sin_year_cycle_cos_minute_cycle_sin_minute_cycle_cos_second_cycle_sin_second_cycle_cos_Distance_Model_Frequency_Model_Rareness
0,0.05159457004537031,3.491627906976742,39.2543860465116,-43.24479715804736,20,32,16,32,2,64,Course_sin_Course_cos_Speed_Altitude_Ratio_BarometricPressure_RelativeHumidity_Wind_Temperature_Interaction_day_cycle_sin_day_cycle_cos_year_cycle_sin_year_cycle_cos_minute_cycle_sin_minute_cycle_cos_second_cycle_sin_second_cycle_cos_Distance_Model_Frequency_Model_Rareness
0,0.0472658911341469,3.2848837209302317,30.46610465116277,-28.565112252459862,20,32,16,32,2,128,Course_sin_Course_cos_Speed_Altitude_Ratio_BarometricPressure_RelativeHumidity_Wind_Temperature_Interaction_day_cycle_sin_day_cycle_cos_year_cycle_sin_year_cycle_cos_minute_cycle_sin_minute_cycle_cos_second_cycle_sin_second_cycle_cos_Distance_Model_Frequency_Model_Rareness
0,0.05225693142392314,3.5286046511627913,39.7749418604651,-47.27933179509313,20,32,16,32,4,32,Course_sin_Course_cos_Speed_Altitude_Ratio_BarometricPressure_RelativeHumidity_Wind_Temperature_Interaction_day_cycle_sin_day_cycle_cos_year_cycle_sin_year_cycle_cos_minute_cycle_sin_minute_cycle_cos_second_cycle_sin_second_cycle_cos_Distance_Model_Frequency_Model_Rareness
0,0.05696168940024058,3.986744186046509,35.60486744186043,-18.985974383572444,20,32,16,32,4,64,Course_sin_Course_cos_Speed_Altitude_Ratio_BarometricPressure_RelativeHumidity_Wind_Temperature_Interaction_day_cycle_sin_day_cycle_cos_year_cycle_sin_year_cycle_cos_minute_cycle_sin_minute_cycle_cos_second_cycle_sin_second_cycle_cos_Distance_Model_Frequency_Model_Rareness
0,0.048529626621184686,3.3481395348837215,32.04592325581394,-105.71362693957117,20,32,16,32,4,128,Course_sin_Course_cos_Speed_Altitude_Ratio_BarometricPressure_RelativeHumidity_Wind_Temperature_Interaction_day_cycle_sin_day_cycle_cos_year_cycle_sin_year_cycle_cos_minute_cycle_sin_minute_cycle_cos_second_cycle_sin_second_cycle_cos_Distance_Model_Frequency_Model_Rareness
0,0.05171195136461228,3.5900000000000003,33.44735116279067,-34.851694962908375,20,32,16,64,2,32,Course_sin_Course_cos_Speed_Altitude_Ratio_BarometricPressure_RelativeHumidity_Wind_Temperature_Interaction_day_cycle_sin_day_cycle_cos_year_cycle_sin_year_cycle_cos_minute_cycle_sin_minute_cycle_cos_second_cycle_sin_second_cycle_cos_Distance_Model_Frequency_Model_Rareness
0,0.051048274488114644,3.4865116279069763,36.93026046511625,-25.495856756407306,20,32,16,64,2,64,Course_sin_Course_cos_Speed_Altitude_Ratio_BarometricPressure_RelativeHumidity_Wind_Temperature_Interaction_day_cycle_sin_day_cycle_cos_year_cycle_sin_year_cycle_cos_minute_cycle_sin_minute_cycle_cos_second_cycle_sin_second_cycle_cos_Distance_Model_Frequency_Model_Rareness
0,0.05244304022916066,3.625813953488371,34.35955116279067,-39.13719765444581,20,32,16,64,2,128,Course_sin_Course_cos_Speed_Altitude_Ratio_BarometricPressure_RelativeHumidity_Wind_Temperature_Interaction_day_cycle_sin_day_cycle_cos_year_cycle_sin_year_cycle_cos_minute_cycle_sin_minute_cycle_cos_second_cycle_sin_second_cycle_cos_Distance_Model_Frequency_Model_Rareness
0,0.05679036645118073,3.9727906976744167,34.44160232558137,-19.54823895209681,20,32,16,64,4,32,Course_sin_Course_cos_Speed_Altitude_Ratio_BarometricPressure_RelativeHumidity_Wind_Temperature_Interaction_day_cycle_sin_day_cycle_cos_year_cycle_sin_year_cycle_cos_minute_cycle_sin_minute_cycle_cos_second_cycle_sin_second_cycle_cos_Distance_Model_Frequency_Model_Rareness
0,0.04825329062795906,3.3048837209302317,35.213146511627876,-38.28212925210292,20,32,16,64,4,64,Course_sin_Course_cos_Speed_Altitude_Ratio_BarometricPressure_RelativeHumidity_Wind_Temperature_Interaction_day_cycle_sin_day_cycle_cos_year_cycle_sin_year_cycle_cos_minute_cycle_sin_minute_cycle_cos_second_cycle_sin_second_cycle_cos_Distance_Model_Frequency_Model_Rareness
0,0.05376709309561676,3.750465116279069,34.09126279069765,-37.732492056227755,20,32,16,64,4,128,Course_sin_Course_cos_Speed_Altitude_Ratio_BarometricPressure_RelativeHumidity_Wind_Temperature_Interaction_day_cycle_sin_day_cycle_cos_year_cycle_sin_year_cycle_cos_minute_cycle_sin_minute_cycle_cos_second_cycle_sin_second_cycle_cos_Distance_Model_Frequency_Model_Rareness
0,0.05376965958884735,3.619999999999999,39.60536744186046,-86.14980393463603,20,64,4,16,2,32,Course_sin_Course_cos_Speed_Altitude_Ratio_BarometricPressure_RelativeHumidity_Wind_Temperature_Interaction_day_cycle_sin_day_cycle_cos_year_cycle_sin_year_cycle_cos_minute_cycle_sin_minute_cycle_cos_second_cycle_sin_second_cycle_cos_Distance_Model_Frequency_Model_Rareness
0,0.05115322016694514,3.5320930232558125,35.07294418604648,-36.263921707572365,20,64,4,16,2,64,Course_sin_Course_cos_Speed_Altitude_Ratio_BarometricPressure_RelativeHumidity_Wind_Temperature_Interaction_day_cycle_sin_day_cycle_cos_year_cycle_sin_year_cycle_cos_minute_cycle_sin_minute_cycle_cos_second_cycle_sin_second_cycle_cos_Distance_Model_Frequency_Model_Rareness
0,0.050527473252448024,3.460697674418604,35.03994651162788,-49.988818858151454,20,64,4,16,2,128,Course_sin_Course_cos_Speed_Altitude_Ratio_BarometricPressure_RelativeHumidity_Wind_Temperature_Interaction_day_cycle_sin_day_cycle_cos_year_cycle_sin_year_cycle_cos_minute_cycle_sin_minute_cycle_cos_second_cycle_sin_second_cycle_cos_Distance_Model_Frequency_Model_Rareness
0,0.05272837328701214,3.6369767441860463,34.98125348837207,-65.00810391180669,20,64,4,16,4,32,Course_sin_Course_cos_Speed_Altitude_Ratio_BarometricPressure_RelativeHumidity_Wind_Temperature_Interaction_day_cycle_sin_day_cycle_cos_year_cycle_sin_year_cycle_cos_minute_cycle_sin_minute_cycle_cos_second_cycle_sin_second_cycle_cos_Distance_Model_Frequency_Model_Rareness
0,0.04926017886948759,3.385581395348836,34.274065116279054,-65.26681710335478,20,64,4,16,4,64,Course_sin_Course_cos_Speed_Altitude_Ratio_BarometricPressure_RelativeHumidity_Wind_Temperature_Interaction_day_cycle_sin_day_cycle_cos_year_cycle_sin_year_cycle_cos_minute_cycle_sin_minute_cycle_cos_second_cycle_sin_second_cycle_cos_Distance_Model_Frequency_Model_Rareness
0,0.0514584283612538,3.560232558139534,33.597490697674395,-68.06240799073427,20,64,4,16,4,128,Course_sin_Course_cos_Speed_Altitude_Ratio_BarometricPressure_RelativeHumidity_Wind_Temperature_Interaction_day_cycle_sin_day_cycle_cos_year_cycle_sin_year_cycle_cos_minute_cycle_sin_minute_cycle_cos_second_cycle_sin_second_cycle_cos_Distance_Model_Frequency_Model_Rareness
0,0.047637935829321625,3.2872093023255817,32.262593023255796,-34.28025083038221,20,64,4,32,2,32,Course_sin_Course_cos_Speed_Altitude_Ratio_BarometricPressure_RelativeHumidity_Wind_Temperature_Interaction_day_cycle_sin_day_cycle_cos_year_cycle_sin_year_cycle_cos_minute_cycle_sin_minute_cycle_cos_second_cycle_sin_second_cycle_cos_Distance_Model_Frequency_Model_Rareness
0,0.04850546005215129,3.3490697674418604,31.040411627906952,-36.100737907100694,20,64,4,32,2,64,Course_sin_Course_cos_Speed_Altitude_Ratio_BarometricPressure_RelativeHumidity_Wind_Temperature_Interaction_day_cycle_sin_day_cycle_cos_year_cycle_sin_year_cycle_cos_minute_cycle_sin_minute_cycle_cos_second_cycle_sin_second_cycle_cos_Distance_Model_Frequency_Model_Rareness
0,0.04966300519836183,3.4083720930232557,34.08066976744185,-60.91143842266389,20,64,4,32,2,128,Course_sin_Course_cos_Speed_Altitude_Ratio_BarometricPressure_RelativeHumidity_Wind_Temperature_Interaction_day_cycle_sin_day_cycle_cos_year_cycle_sin_year_cycle_cos_minute_cycle_sin_minute_cycle_cos_second_cycle_sin_second_cycle_cos_Distance_Model_Frequency_Model_Rareness
0,0.05252182435858408,3.651162790697673,32.97570697674416,-142.74654838531714,20,64,4,32,4,32,Course_sin_Course_cos_Speed_Altitude_Ratio_BarometricPressure_RelativeHumidity_Wind_Temperature_Interaction_day_cycle_sin_day_cycle_cos_year_cycle_sin_year_cycle_cos_minute_cycle_sin_minute_cycle_cos_second_cycle_sin_second_cycle_cos_Distance_Model_Frequency_Model_Rareness
0,0.0487753363587967,3.362325581395347,33.107041860465095,-111.17420219052877,20,64,4,32,4,64,Course_sin_Course_cos_Speed_Altitude_Ratio_BarometricPressure_RelativeHumidity_Wind_Temperature_Interaction_day_cycle_sin_day_cycle_cos_year_cycle_sin_year_cycle_cos_minute_cycle_sin_minute_cycle_cos_second_cycle_sin_second_cycle_cos_Distance_Model_Frequency_Model_Rareness
0,0.04919456015693584,3.3662790697674407,34.50494186046508,-81.16897114590553,20,64,4,32,4,128,Course_sin_Course_cos_Speed_Altitude_Ratio_BarometricPressure_RelativeHumidity_Wind_Temperature_Interaction_day_cycle_sin_day_cycle_cos_year_cycle_sin_year_cycle_cos_minute_cycle_sin_minute_cycle_cos_second_cycle_sin_second_cycle_cos_Distance_Model_Frequency_Model_Rareness
0,0.046911949360063494,3.2530232558139534,29.119409302325558,-56.59992977834615,20,64,4,64,2,32,Course_sin_Course_cos_Speed_Altitude_Ratio_BarometricPressure_RelativeHumidity_Wind_Temperature_Interaction_day_cycle_sin_day_cycle_cos_year_cycle_sin_year_cycle_cos_minute_cycle_sin_minute_cycle_cos_second_cycle_sin_second_cycle_cos_Distance_Model_Frequency_Model_Rareness
0,0.05136316586781357,3.5495348837209306,35.13433255813951,-38.18688838519086,20,64,4,64,2,64,Course_sin_Course_cos_Speed_Altitude_Ratio_BarometricPressure_RelativeHumidity_Wind_Temperature_Interaction_day_cycle_sin_day_cycle_cos_year_cycle_sin_year_cycle_cos_minute_cycle_sin_minute_cycle_cos_second_cycle_sin_second_cycle_cos_Distance_Model_Frequency_Model_Rareness
0,0.04511955658554557,3.1165116279069767,30.047983720930212,-58.44221240958581,20,64,4,64,2,128,Course_sin_Course_cos_Speed_Altitude_Ratio_BarometricPressure_RelativeHumidity_Wind_Temperature_Interaction_day_cycle_sin_day_cycle_cos_year_cycle_sin_year_cycle_cos_minute_cycle_sin_minute_cycle_cos_second_cycle_sin_second_cycle_cos_Distance_Model_Frequency_Model_Rareness
0,0.04786398859575422,3.3009302325581387,31.78772093023254,-183.5779724261214,20,64,4,64,4,32,Course_sin_Course_cos_Speed_Altitude_Ratio_BarometricPressure_RelativeHumidity_Wind_Temperature_Interaction_day_cycle_sin_day_cycle_cos_year_cycle_sin_year_cycle_cos_minute_cycle_sin_minute_cycle_cos_second_cycle_sin_second_cycle_cos_Distance_Model_Frequency_Model_Rareness
0,0.04778345097172784,3.30767441860465,30.49430465116276,-129.76096060564205,20,64,4,64,4,64,Course_sin_Course_cos_Speed_Altitude_Ratio_BarometricPressure_RelativeHumidity_Wind_Temperature_Interaction_day_cycle_sin_day_cycle_cos_year_cycle_sin_year_cycle_cos_minute_cycle_sin_minute_cycle_cos_second_cycle_sin_second_cycle_cos_Distance_Model_Frequency_Model_Rareness
0,0.049164014654741094,3.3667441860465113,34.857258139534856,-47.95521678483586,20,64,4,64,4,128,Course_sin_Course_cos_Speed_Altitude_Ratio_BarometricPressure_RelativeHumidity_Wind_Temperature_Interaction_day_cycle_sin_day_cycle_cos_year_cycle_sin_year_cycle_cos_minute_cycle_sin_minute_cycle_cos_second_cycle_sin_second_cycle_cos_Distance_Model_Frequency_Model_Rareness
0,0.051765479680194716,3.5253488372093016,35.77480232558136,-48.966302308639726,20,64,8,16,2,32,Course_sin_Course_cos_Speed_Altitude_Ratio_BarometricPressure_RelativeHumidity_Wind_Temperature_Interaction_day_cycle_sin_day_cycle_cos_year_cycle_sin_year_cycle_cos_minute_cycle_sin_minute_cycle_cos_second_cycle_sin_second_cycle_cos_Distance_Model_Frequency_Model_Rareness
0,0.05298010083584644,3.6599999999999984,35.47171627906973,-27.691728852957343,20,64,8,16,2,64,Course_sin_Course_cos_Speed_Altitude_Ratio_BarometricPressure_RelativeHumidity_Wind_Temperature_Interaction_day_cycle_sin_day_cycle_cos_year_cycle_sin_year_cycle_cos_minute_cycle_sin_minute_cycle_cos_second_cycle_sin_second_cycle_cos_Distance_Model_Frequency_Model_Rareness
0,0.048163355382164916,3.3188372093023246,30.74668604651159,-36.620100110059965,20,64,8,16,2,128,Course_sin_Course_cos_Speed_Altitude_Ratio_BarometricPressure_RelativeHumidity_Wind_Temperature_Interaction_day_cycle_sin_day_cycle_cos_year_cycle_sin_year_cycle_cos_minute_cycle_sin_minute_cycle_cos_second_cycle_sin_second_cycle_cos_Distance_Model_Frequency_Model_Rareness
0,0.0490949771356686,3.395116279069766,31.289974418604633,-135.97938910513213,20,64,8,16,4,32,Course_sin_Course_cos_Speed_Altitude_Ratio_BarometricPressure_RelativeHumidity_Wind_Temperature_Interaction_day_cycle_sin_day_cycle_cos_year_cycle_sin_year_cycle_cos_minute_cycle_sin_minute_cycle_cos_second_cycle_sin_second_cycle_cos_Distance_Model_Frequency_Model_Rareness
0,0.060369100907829404,4.280465116279069,31.99216744186043,-130.38557585438866,20,64,8,16,4,64,Course_sin_Course_cos_Speed_Altitude_Ratio_BarometricPressure_RelativeHumidity_Wind_Temperature_Interaction_day_cycle_sin_day_cycle_cos_year_cycle_sin_year_cycle_cos_minute_cycle_sin_minute_cycle_cos_second_cycle_sin_second_cycle_cos_Distance_Model_Frequency_Model_Rareness
0,0.053969314375047706,3.7455813953488355,34.673920930232526,-78.44822488360121,20,64,8,16,4,128,Course_sin_Course_cos_Speed_Altitude_Ratio_BarometricPressure_RelativeHumidity_Wind_Temperature_Interaction_day_cycle_sin_day_cycle_cos_year_cycle_sin_year_cycle_cos_minute_cycle_sin_minute_cycle_cos_second_cycle_sin_second_cycle_cos_Distance_Model_Frequency_Model_Rareness
0,0.05370938151426547,3.6290697674418593,40.76589999999997,-38.17759088438811,20,64,8,32,2,32,Course_sin_Course_cos_Speed_Altitude_Ratio_BarometricPressure_RelativeHumidity_Wind_Temperature_Interaction_day_cycle_sin_day_cycle_cos_year_cycle_sin_year_cycle_cos_minute_cycle_sin_minute_cycle_cos_second_cycle_sin_second_cycle_cos_Distance_Model_Frequency_Model_Rareness
0,0.04917893740153334,3.353488372093023,35.742818604651134,-53.018625536254916,20,64,8,32,2,64,Course_sin_Course_cos_Speed_Altitude_Ratio_BarometricPressure_RelativeHumidity_Wind_Temperature_Interaction_day_cycle_sin_day_cycle_cos_year_cycle_sin_year_cycle_cos_minute_cycle_sin_minute_cycle_cos_second_cycle_sin_second_cycle_cos_Distance_Model_Frequency_Model_Rareness
0,0.050532329903102746,3.490697674418604,32.950102325581376,-27.50727243870006,20,64,8,32,2,128,Course_sin_Course_cos_Speed_Altitude_Ratio_BarometricPressure_RelativeHumidity_Wind_Temperature_Interaction_day_cycle_sin_day_cycle_cos_year_cycle_sin_year_cycle_cos_minute_cycle_sin_minute_cycle_cos_second_cycle_sin_second_cycle_cos_Distance_Model_Frequency_Model_Rareness
0,0.048981113589131674,3.3895348837209287,32.187913953488355,-151.64576167898537,20,64,8,32,4,32,Course_sin_Course_cos_Speed_Altitude_Ratio_BarometricPressure_RelativeHumidity_Wind_Temperature_Interaction_day_cycle_sin_day_cycle_cos_year_cycle_sin_year_cycle_cos_minute_cycle_sin_minute_cycle_cos_second_cycle_sin_second_cycle_cos_Distance_Model_Frequency_Model_Rareness
0,0.050089646178582914,3.419302325581395,35.54735581395347,-88.90401178858,20,64,8,32,4,64,Course_sin_Course_cos_Speed_Altitude_Ratio_BarometricPressure_RelativeHumidity_Wind_Temperature_Interaction_day_cycle_sin_day_cycle_cos_year_cycle_sin_year_cycle_cos_minute_cycle_sin_minute_cycle_cos_second_cycle_sin_second_cycle_cos_Distance_Model_Frequency_Model_Rareness
0,0.0465596938096261,3.2160465116279062,31.060574418604617,-80.32037473836452,20,64,8,32,4,128,Course_sin_Course_cos_Speed_Altitude_Ratio_BarometricPressure_RelativeHumidity_Wind_Temperature_Interaction_day_cycle_sin_day_cycle_cos_year_cycle_sin_year_cycle_cos_minute_cycle_sin_minute_cycle_cos_second_cycle_sin_second_cycle_cos_Distance_Model_Frequency_Model_Rareness
0,0.04698767010708473,3.256976744186047,30.136248837209298,-56.838428862745964,20,64,8,64,2,32,Course_sin_Course_cos_Speed_Altitude_Ratio_BarometricPressure_RelativeHumidity_Wind_Temperature_Interaction_day_cycle_sin_day_cycle_cos_year_cycle_sin_year_cycle_cos_minute_cycle_sin_minute_cycle_cos_second_cycle_sin_second_cycle_cos_Distance_Model_Frequency_Model_Rareness
0,0.051656663486844084,3.5658139534883717,33.89351395348836,-47.80437111786721,20,64,8,64,2,64,Course_sin_Course_cos_Speed_Altitude_Ratio_BarometricPressure_RelativeHumidity_Wind_Temperature_Interaction_day_cycle_sin_day_cycle_cos_year_cycle_sin_year_cycle_cos_minute_cycle_sin_minute_cycle_cos_second_cycle_sin_second_cycle_cos_Distance_Model_Frequency_Model_Rareness
0,0.0567283059364774,3.8067441860465108,41.58833720930229,-43.91308085107772,20,64,8,64,2,128,Course_sin_Course_cos_Speed_Altitude_Ratio_BarometricPressure_RelativeHumidity_Wind_Temperature_Interaction_day_cycle_sin_day_cycle_cos_year_cycle_sin_year_cycle_cos_minute_cycle_sin_minute_cycle_cos_second_cycle_sin_second_cycle_cos_Distance_Model_Frequency_Model_Rareness
0,0.04882188240194932,3.3762790697674405,32.42268837209299,-131.44977762852287,20,64,8,64,4,32,Course_sin_Course_cos_Speed_Altitude_Ratio_BarometricPressure_RelativeHumidity_Wind_Temperature_Interaction_day_cycle_sin_day_cycle_cos_year_cycle_sin_year_cycle_cos_minute_cycle_sin_minute_cycle_cos_second_cycle_sin_second_cycle_cos_Distance_Model_Frequency_Model_Rareness
0,0.04812615283208398,3.2976744186046503,32.54486046511624,-71.34615360570302,20,64,8,64,4,64,Course_sin_Course_cos_Speed_Altitude_Ratio_BarometricPressure_RelativeHumidity_Wind_Temperature_Interaction_day_cycle_sin_day_cycle_cos_year_cycle_sin_year_cycle_cos_minute_cycle_sin_minute_cycle_cos_second_cycle_sin_second_cycle_cos_Distance_Model_Frequency_Model_Rareness
0,0.047991956735334504,3.3130232558139516,31.778130232558123,-144.24019381257258,20,64,8,64,4,128,Course_sin_Course_cos_Speed_Altitude_Ratio_BarometricPressure_RelativeHumidity_Wind_Temperature_Interaction_day_cycle_sin_day_cycle_cos_year_cycle_sin_year_cycle_cos_minute_cycle_sin_minute_cycle_cos_second_cycle_sin_second_cycle_cos_Distance_Model_Frequency_Model_Rareness
0,0.050593578405697205,3.488837209302325,33.16942790697673,-68.04724035178008,20,64,12,16,2,32,Course_sin_Course_cos_Speed_Altitude_Ratio_BarometricPressure_RelativeHumidity_Wind_Temperature_Interaction_day_cycle_sin_day_cycle_cos_year_cycle_sin_year_cycle_cos_minute_cycle_sin_minute_cycle_cos_second_cycle_sin_second_cycle_cos_Distance_Model_Frequency_Model_Rareness
0,0.05821908611891286,4.066744186046509,36.55743953488368,-24.510518553977757,20,64,12,16,2,64,Course_sin_Course_cos_Speed_Altitude_Ratio_BarometricPressure_RelativeHumidity_Wind_Temperature_Interaction_day_cycle_sin_day_cycle_cos_year_cycle_sin_year_cycle_cos_minute_cycle_sin_minute_cycle_cos_second_cycle_sin_second_cycle_cos_Distance_Model_Frequency_Model_Rareness
0,0.05619073861475793,3.943488372093023,33.83144418604649,-16.179876869338873,20,64,12,16,2,128,Course_sin_Course_cos_Speed_Altitude_Ratio_BarometricPressure_RelativeHumidity_Wind_Temperature_Interaction_day_cycle_sin_day_cycle_cos_year_cycle_sin_year_cycle_cos_minute_cycle_sin_minute_cycle_cos_second_cycle_sin_second_cycle_cos_Distance_Model_Frequency_Model_Rareness
0,0.04711121077419972,3.244883720930233,32.12027209302323,-96.94968842337458,20,64,12,16,4,32,Course_sin_Course_cos_Speed_Altitude_Ratio_BarometricPressure_RelativeHumidity_Wind_Temperature_Interaction_day_cycle_sin_day_cycle_cos_year_cycle_sin_year_cycle_cos_minute_cycle_sin_minute_cycle_cos_second_cycle_sin_second_cycle_cos_Distance_Model_Frequency_Model_Rareness
0,0.050716829604119905,3.566279069767441,27.78523023255812,-38.56553576123636,20,64,12,16,4,64,Course_sin_Course_cos_Speed_Altitude_Ratio_BarometricPressure_RelativeHumidity_Wind_Temperature_Interaction_day_cycle_sin_day_cycle_cos_year_cycle_sin_year_cycle_cos_minute_cycle_sin_minute_cycle_cos_second_cycle_sin_second_cycle_cos_Distance_Model_Frequency_Model_Rareness
0,0.05038439261261998,3.4544186046511607,34.280548837209274,-123.50052228172875,20,64,12,16,4,128,Course_sin_Course_cos_Speed_Altitude_Ratio_BarometricPressure_RelativeHumidity_Wind_Temperature_Interaction_day_cycle_sin_day_cycle_cos_year_cycle_sin_year_cycle_cos_minute_cycle_sin_minute_cycle_cos_second_cycle_sin_second_cycle_cos_Distance_Model_Frequency_Model_Rareness
0,0.05248506068896471,3.6823255813953475,30.65479534883719,-53.223181054346306,20,64,12,32,2,32,Course_sin_Course_cos_Speed_Altitude_Ratio_BarometricPressure_RelativeHumidity_Wind_Temperature_Interaction_day_cycle_sin_day_cycle_cos_year_cycle_sin_year_cycle_cos_minute_cycle_sin_minute_cycle_cos_second_cycle_sin_second_cycle_cos_Distance_Model_Frequency_Model_Rareness
0,0.05008821496414666,3.4844186046511623,31.317876744186012,-38.02551519465528,20,64,12,32,2,64,Course_sin_Course_cos_Speed_Altitude_Ratio_BarometricPressure_RelativeHumidity_Wind_Temperature_Interaction_day_cycle_sin_day_cycle_cos_year_cycle_sin_year_cycle_cos_minute_cycle_sin_minute_cycle_cos_second_cycle_sin_second_cycle_cos_Distance_Model_Frequency_Model_Rareness
0,0.049979958871336445,3.458604651162789,32.54944651162788,-32.6241988375658,20,64,12,32,2,128,Course_sin_Course_cos_Speed_Altitude_Ratio_BarometricPressure_RelativeHumidity_Wind_Temperature_Interaction_day_cycle_sin_day_cycle_cos_year_cycle_sin_year_cycle_cos_minute_cycle_sin_minute_cycle_cos_second_cycle_sin_second_cycle_cos_Distance_Model_Frequency_Model_Rareness
0,0.04968026809594552,3.450930232558139,30.67947674418603,-47.520448154881265,20,64,12,32,4,32,Course_sin_Course_cos_Speed_Altitude_Ratio_BarometricPressure_RelativeHumidity_Wind_Temperature_Interaction_day_cycle_sin_day_cycle_cos_year_cycle_sin_year_cycle_cos_minute_cycle_sin_minute_cycle_cos_second_cycle_sin_second_cycle_cos_Distance_Model_Frequency_Model_Rareness
0,0.049157655961992695,3.3497674418604655,36.40798604651162,-71.18218982403694,20,64,12,32,4,64,Course_sin_Course_cos_Speed_Altitude_Ratio_BarometricPressure_RelativeHumidity_Wind_Temperature_Interaction_day_cycle_sin_day_cycle_cos_year_cycle_sin_year_cycle_cos_minute_cycle_sin_minute_cycle_cos_second_cycle_sin_second_cycle_cos_Distance_Model_Frequency_Model_Rareness
0,0.05327018449970511,3.7479069767441855,29.76686046511626,-28.98246176943552,20,64,12,32,4,128,Course_sin_Course_cos_Speed_Altitude_Ratio_BarometricPressure_RelativeHumidity_Wind_Temperature_Interaction_day_cycle_sin_day_cycle_cos_year_cycle_sin_year_cycle_cos_minute_cycle_sin_minute_cycle_cos_second_cycle_sin_second_cycle_cos_Distance_Model_Frequency_Model_Rareness
0,0.053292288400650374,3.648604651162789,38.21709069767439,-29.554717726651628,20,64,12,64,2,32,Course_sin_Course_cos_Speed_Altitude_Ratio_BarometricPressure_RelativeHumidity_Wind_Temperature_Interaction_day_cycle_sin_day_cycle_cos_year_cycle_sin_year_cycle_cos_minute_cycle_sin_minute_cycle_cos_second_cycle_sin_second_cycle_cos_Distance_Model_Frequency_Model_Rareness
0,0.05076230458128749,3.5155813953488377,32.8476906976744,-31.777738854775087,20,64,12,64,2,64,Course_sin_Course_cos_Speed_Altitude_Ratio_BarometricPressure_RelativeHumidity_Wind_Temperature_Interaction_day_cycle_sin_day_cycle_cos_year_cycle_sin_year_cycle_cos_minute_cycle_sin_minute_cycle_cos_second_cycle_sin_second_cycle_cos_Distance_Model_Frequency_Model_Rareness
0,0.05012165091633603,3.4516279069767424,34.569279069767425,-48.83616313624172,20,64,12,64,2,128,Course_sin_Course_cos_Speed_Altitude_Ratio_BarometricPressure_RelativeHumidity_Wind_Temperature_Interaction_day_cycle_sin_day_cycle_cos_year_cycle_sin_year_cycle_cos_minute_cycle_sin_minute_cycle_cos_second_cycle_sin_second_cycle_cos_Distance_Model_Frequency_Model_Rareness
0,0.046359489325494184,3.18,32.16132558139534,-279.6999811187173,20,64,12,64,4,32,Course_sin_Course_cos_Speed_Altitude_Ratio_BarometricPressure_RelativeHumidity_Wind_Temperature_Interaction_day_cycle_sin_day_cycle_cos_year_cycle_sin_year_cycle_cos_minute_cycle_sin_minute_cycle_cos_second_cycle_sin_second_cycle_cos_Distance_Model_Frequency_Model_Rareness
0,0.05682571970923324,3.9497674418604634,35.865897674418584,-39.35902983082641,20,64,12,64,4,64,Course_sin_Course_cos_Speed_Altitude_Ratio_BarometricPressure_RelativeHumidity_Wind_Temperature_Interaction_day_cycle_sin_day_cycle_cos_year_cycle_sin_year_cycle_cos_minute_cycle_sin_minute_cycle_cos_second_cycle_sin_second_cycle_cos_Distance_Model_Frequency_Model_Rareness
0,0.052028986348963316,3.5748837209302318,35.49860465116277,-69.85872628809364,20,64,12,64,4,128,Course_sin_Course_cos_Speed_Altitude_Ratio_BarometricPressure_RelativeHumidity_Wind_Temperature_Interaction_day_cycle_sin_day_cycle_cos_year_cycle_sin_year_cycle_cos_minute_cycle_sin_minute_cycle_cos_second_cycle_sin_second_cycle_cos_Distance_Model_Frequency_Model_Rareness
0,0.05083775674664374,3.5474418604651135,31.060027906976714,-78.00925108629134,20,64,16,16,2,32,Course_sin_Course_cos_Speed_Altitude_Ratio_BarometricPressure_RelativeHumidity_Wind_Temperature_Interaction_day_cycle_sin_day_cycle_cos_year_cycle_sin_year_cycle_cos_minute_cycle_sin_minute_cycle_cos_second_cycle_sin_second_cycle_cos_Distance_Model_Frequency_Model_Rareness
0,0.052284429437578245,3.5809302325581394,37.32212558139532,-20.011962779729448,20,64,16,16,2,64,Course_sin_Course_cos_Speed_Altitude_Ratio_BarometricPressure_RelativeHumidity_Wind_Temperature_Interaction_day_cycle_sin_day_cycle_cos_year_cycle_sin_year_cycle_cos_minute_cycle_sin_minute_cycle_cos_second_cycle_sin_second_cycle_cos_Distance_Model_Frequency_Model_Rareness
0,0.04773777371562312,3.265348837209302,33.997420930232536,-107.95763128738741,20,64,16,16,2,128,Course_sin_Course_cos_Speed_Altitude_Ratio_BarometricPressure_RelativeHumidity_Wind_Temperature_Interaction_day_cycle_sin_day_cycle_cos_year_cycle_sin_year_cycle_cos_minute_cycle_sin_minute_cycle_cos_second_cycle_sin_second_cycle_cos_Distance_Model_Frequency_Model_Rareness
0,0.052928159628958756,3.690465116279069,32.41176511627905,-66.63181993513672,20,64,16,16,4,32,Course_sin_Course_cos_Speed_Altitude_Ratio_BarometricPressure_RelativeHumidity_Wind_Temperature_Interaction_day_cycle_sin_day_cycle_cos_year_cycle_sin_year_cycle_cos_minute_cycle_sin_minute_cycle_cos_second_cycle_sin_second_cycle_cos_Distance_Model_Frequency_Model_Rareness
0,0.050790349839380876,3.520697674418603,32.54027209302323,-171.28542438129375,20,64,16,16,4,64,Course_sin_Course_cos_Speed_Altitude_Ratio_BarometricPressure_RelativeHumidity_Wind_Temperature_Interaction_day_cycle_sin_day_cycle_cos_year_cycle_sin_year_cycle_cos_minute_cycle_sin_minute_cycle_cos_second_cycle_sin_second_cycle_cos_Distance_Model_Frequency_Model_Rareness
0,0.056120989516380185,3.872325581395348,38.14616046511625,-24.208039460384306,20,32,4,16,2,64,Course_sin_Course_cos_Speed_Altitude_Ratio_BarometricPressure_RelativeHumidity_Wind_Temperature_Interaction_day_cycle_sin_day_cycle_cos_year_cycle_sin_year_cycle_cos_minute_cycle_sin_minute_cycle_cos_second_cycle_sin_second_cycle_cos_Distance_Model_Frequency_Model_Rareness
0,0.049023417290170734,3.3816279069767434,33.29904883720928,-105.31909590865344,20,32,4,16,4,64,Course_sin_Course_cos_Speed_Altitude_Ratio_BarometricPressure_RelativeHumidity_Wind_Temperature_Interaction_day_cycle_sin_day_cycle_cos_year_cycle_sin_year_cycle_cos_minute_cycle_sin_minute_cycle_cos_second_cycle_sin_second_cycle_cos_Distance_Model_Frequency_Model_Rareness
0,0.0570395192418824,3.9318604651162774,38.91571860465114,-31.719019449299473,20,32,4,32,2,64,Course_sin_Course_cos_Speed_Altitude_Ratio_BarometricPressure_RelativeHumidity_Wind_Temperature_Interaction_day_cycle_sin_day_cycle_cos_year_cycle_sin_year_cycle_cos_minute_cycle_sin_minute_cycle_cos_second_cycle_sin_second_cycle_cos_Distance_Model_Frequency_Model_Rareness
0,0.052764509562597456,3.675116279069766,32.02310465116276,-101.7145747449775,20,32,4,32,4,64,Course_sin_Course_cos_Speed_Altitude_Ratio_BarometricPressure_RelativeHumidity_Wind_Temperature_Interaction_day_cycle_sin_day_cycle_cos_year_cycle_sin_year_cycle_cos_minute_cycle_sin_minute_cycle_cos_second_cycle_sin_second_cycle_cos_Distance_Model_Frequency_Model_Rareness
0,0.05821263680615046,4.093255813953488,34.27196976744184,-24.90908366481091,20,32,4,64,2,64,Course_sin_Course_cos_Speed_Altitude_Ratio_BarometricPressure_RelativeHumidity_Wind_Temperature_Interaction_day_cycle_sin_day_cycle_cos_year_cycle_sin_year_cycle_cos_minute_cycle_sin_minute_cycle_cos_second_cycle_sin_second_cycle_cos_Distance_Model_Frequency_Model_Rareness
0,0.05127061973500608,3.490465116279069,37.74031860465114,-63.32250243484357,20,32,4,64,4,64,Course_sin_Course_cos_Speed_Altitude_Ratio_BarometricPressure_RelativeHumidity_Wind_Temperature_Interaction_day_cycle_sin_day_cycle_cos_year_cycle_sin_year_cycle_cos_minute_cycle_sin_minute_cycle_cos_second_cycle_sin_second_cycle_cos_Distance_Model_Frequency_Model_Rareness
0,0.05411684837332197,3.725348837209302,37.47376511627905,-24.242437559486728,20,32,8,16,2,64,Course_sin_Course_cos_Speed_Altitude_Ratio_BarometricPressure_RelativeHumidity_Wind_Temperature_Interaction_day_cycle_sin_day_cycle_cos_year_cycle_sin_year_cycle_cos_minute_cycle_sin_minute_cycle_cos_second_cycle_sin_second_cycle_cos_Distance_Model_Frequency_Model_Rareness
0,0.04794527588442027,3.274651162790698,34.73794651162789,-114.27238238640638,20,32,8,16,4,64,Course_sin_Course_cos_Speed_Altitude_Ratio_BarometricPressure_RelativeHumidity_Wind_Temperature_Interaction_day_cycle_sin_day_cycle_cos_year_cycle_sin_year_cycle_cos_minute_cycle_sin_minute_cycle_cos_second_cycle_sin_second_cycle_cos_Distance_Model_Frequency_Model_Rareness
0,0.0541454695570218,3.736976744186045,37.58574651162788,-28.899743381067793,20,32,8,32,2,64,Course_sin_Course_cos_Speed_Altitude_Ratio_BarometricPressure_RelativeHumidity_Wind_Temperature_Interaction_day_cycle_sin_day_cycle_cos_year_cycle_sin_year_cycle_cos_minute_cycle_sin_minute_cycle_cos_second_cycle_sin_second_cycle_cos_Distance_Model_Frequency_Model_Rareness
0,0.04830378618537781,3.3253488372093027,33.51702558139533,-86.01115309435623,20,32,8,32,4,64,Course_sin_Course_cos_Speed_Altitude_Ratio_BarometricPressure_RelativeHumidity_Wind_Temperature_Interaction_day_cycle_sin_day_cycle_cos_year_cycle_sin_year_cycle_cos_minute_cycle_sin_minute_cycle_cos_second_cycle_sin_second_cycle_cos_Distance_Model_Frequency_Model_Rareness
0,0.05920381142093782,4.152325581395348,34.689974418604635,-48.78132419650444,20,32,8,64,2,64,Course_sin_Course_cos_Speed_Altitude_Ratio_BarometricPressure_RelativeHumidity_Wind_Temperature_Interaction_day_cycle_sin_day_cycle_cos_year_cycle_sin_year_cycle_cos_minute_cycle_sin_minute_cycle_cos_second_cycle_sin_second_cycle_cos_Distance_Model_Frequency_Model_Rareness
0,0.049939736953484845,3.396511627906977,36.887337209302295,-59.22355930332662,20,32,8,64,4,64,Course_sin_Course_cos_Speed_Altitude_Ratio_BarometricPressure_RelativeHumidity_Wind_Temperature_Interaction_day_cycle_sin_day_cycle_cos_year_cycle_sin_year_cycle_cos_minute_cycle_sin_minute_cycle_cos_second_cycle_sin_second_cycle_cos_Distance_Model_Frequency_Model_Rareness
0,0.05525873824880276,3.8653488372093023,33.39873255813951,-20.475149070730865,20,32,12,16,2,64,Course_sin_Course_cos_Speed_Altitude_Ratio_BarometricPressure_RelativeHumidity_Wind_Temperature_Interaction_day_cycle_sin_day_cycle_cos_year_cycle_sin_year_cycle_cos_minute_cycle_sin_minute_cycle_cos_second_cycle_sin_second_cycle_cos_Distance_Model_Frequency_Model_Rareness
0,0.05496063916009647,3.8420930232558135,33.719769767441846,-28.435429475571485,20,32,12,16,4,64,Course_sin_Course_cos_Speed_Altitude_Ratio_BarometricPressure_RelativeHumidity_Wind_Temperature_Interaction_day_cycle_sin_day_cycle_cos_year_cycle_sin_year_cycle_cos_minute_cycle_sin_minute_cycle_cos_second_cycle_sin_second_cycle_cos_Distance_Model_Frequency_Model_Rareness
0,0.05787023946804412,4.05720930232558,35.012106976744164,-16.191640786103452,20,32,12,32,2,64,Course_sin_Course_cos_Speed_Altitude_Ratio_BarometricPressure_RelativeHumidity_Wind_Temperature_Interaction_day_cycle_sin_day_cycle_cos_year_cycle_sin_year_cycle_cos_minute_cycle_sin_minute_cycle_cos_second_cycle_sin_second_cycle_cos_Distance_Model_Frequency_Model_Rareness
0,0.051556360660416425,3.584418604651162,32.03700232558137,-56.82581438391861,20,32,12,32,4,64,Course_sin_Course_cos_Speed_Altitude_Ratio_BarometricPressure_RelativeHumidity_Wind_Temperature_Interaction_day_cycle_sin_day_cycle_cos_year_cycle_sin_year_cycle_cos_minute_cycle_sin_minute_cycle_cos_second_cycle_sin_second_cycle_cos_Distance_Model_Frequency_Model_Rareness
0,0.05155837049415676,3.5737209302325583,33.35106744186044,-58.3739336187158,20,32,12,64,2,64,Course_sin_Course_cos_Speed_Altitude_Ratio_BarometricPressure_RelativeHumidity_Wind_Temperature_Interaction_day_cycle_sin_day_cycle_cos_year_cycle_sin_year_cycle_cos_minute_cycle_sin_minute_cycle_cos_second_cycle_sin_second_cycle_cos_Distance_Model_Frequency_Model_Rareness
0,0.05181998684520189,3.588604651162791,34.51843953488369,-25.1311982818029,20,32,12,64,4,64,Course_sin_Course_cos_Speed_Altitude_Ratio_BarometricPressure_RelativeHumidity_Wind_Temperature_Interaction_day_cycle_sin_day_cycle_cos_year_cycle_sin_year_cycle_cos_minute_cycle_sin_minute_cycle_cos_second_cycle_sin_second_cycle_cos_Distance_Model_Frequency_Model_Rareness
0,0.0482935868465992,3.3395348837209307,31.053930232558113,-136.42420079412008,20,64,4,16,2,64,Course_sin_Course_cos_Speed_Altitude_Ratio_BarometricPressure_RelativeHumidity_Wind_Temperature_Interaction_day_cycle_sin_day_cycle_cos_year_cycle_sin_year_cycle_cos_minute_cycle_sin_minute_cycle_cos_second_cycle_sin_second_cycle_cos_Distance_Model_Frequency_Model_Rareness
0,0.05402981691833906,3.7339534883720917,35.88461395348834,-59.847974181270395,20,64,4,16,4,64,Course_sin_Course_cos_Speed_Altitude_Ratio_BarometricPressure_RelativeHumidity_Wind_Temperature_Interaction_day_cycle_sin_day_cycle_cos_year_cycle_sin_year_cycle_cos_minute_cycle_sin_minute_cycle_cos_second_cycle_sin_second_cycle_cos_Distance_Model_Frequency_Model_Rareness
0,0.05086861249542955,3.507906976744185,34.99128837209301,-29.10310989526167,20,64,4,32,2,64,Course_sin_Course_cos_Speed_Altitude_Ratio_BarometricPressure_RelativeHumidity_Wind_Temperature_Interaction_day_cycle_sin_day_cycle_cos_year_cycle_sin_year_cycle_cos_minute_cycle_sin_minute_cycle_cos_second_cycle_sin_second_cycle_cos_Distance_Model_Frequency_Model_Rareness
0,0.046948962345088684,3.247441860465117,30.878172093023252,-231.49931260618374,20,64,4,32,4,64,Course_sin_Course_cos_Speed_Altitude_Ratio_BarometricPressure_RelativeHumidity_Wind_Temperature_Interaction_day_cycle_sin_day_cycle_cos_year_cycle_sin_year_cycle_cos_minute_cycle_sin_minute_cycle_cos_second_cycle_sin_second_cycle_cos_Distance_Model_Frequency_Model_Rareness
0,0.044403843098165245,3.087441860465116,27.884093023255794,-44.057385198142505,20,64,4,64,2,64,Course_sin_Course_cos_Speed_Altitude_Ratio_BarometricPressure_RelativeHumidity_Wind_Temperature_Interaction_day_cycle_sin_day_cycle_cos_year_cycle_sin_year_cycle_cos_minute_cycle_sin_minute_cycle_cos_second_cycle_sin_second_cycle_cos_Distance_Model_Frequency_Model_Rareness
0,0.0495860930850136,3.435116279069766,31.98555116279066,-118.40454102932793,20,64,4,64,4,64,Course_sin_Course_cos_Speed_Altitude_Ratio_BarometricPressure_RelativeHumidity_Wind_Temperature_Interaction_day_cycle_sin_day_cycle_cos_year_cycle_sin_year_cycle_cos_minute_cycle_sin_minute_cycle_cos_second_cycle_sin_second_cycle_cos_Distance_Model_Frequency_Model_Rareness
0,0.051417522098953755,3.5962790697674403,31.581981395348816,-21.081857530986007,20,64,8,16,2,64,Course_sin_Course_cos_Speed_Altitude_Ratio_BarometricPressure_RelativeHumidity_Wind_Temperature_Interaction_day_cycle_sin_day_cycle_cos_year_cycle_sin_year_cycle_cos_minute_cycle_sin_minute_cycle_cos_second_cycle_sin_second_cycle_cos_Distance_Model_Frequency_Model_Rareness
0,0.053193233002569056,3.7202325581395344,31.544290697674395,-102.45167717405798,20,64,8,16,4,64,Course_sin_Course_cos_Speed_Altitude_Ratio_BarometricPressure_RelativeHumidity_Wind_Temperature_Interaction_day_cycle_sin_day_cycle_cos_year_cycle_sin_year_cycle_cos_minute_cycle_sin_minute_cycle_cos_second_cycle_sin_second_cycle_cos_Distance_Model_Frequency_Model_Rareness
0,0.05323676520151927,3.656511627906976,36.79935581395348,-22.461871756588554,20,64,8,32,2,64,Course_sin_Course_cos_Speed_Altitude_Ratio_BarometricPressure_RelativeHumidity_Wind_Temperature_Interaction_day_cycle_sin_day_cycle_cos_year_cycle_sin_year_cycle_cos_minute_cycle_sin_minute_cycle_cos_second_cycle_sin_second_cycle_cos_Distance_Model_Frequency_Model_Rareness
0,0.04791926449331038,3.273488372093023,34.43100930232556,-162.89243889843354,20,64,8,32,4,64,Course_sin_Course_cos_Speed_Altitude_Ratio_BarometricPressure_RelativeHumidity_Wind_Temperature_Interaction_day_cycle_sin_day_cycle_cos_year_cycle_sin_year_cycle_cos_minute_cycle_sin_minute_cycle_cos_second_cycle_sin_second_cycle_cos_Distance_Model_Frequency_Model_Rareness
0,0.050308240695495714,3.4720930232558116,33.23835813953485,-168.24851592250675,20,64,8,64,2,64,Course_sin_Course_cos_Speed_Altitude_Ratio_BarometricPressure_RelativeHumidity_Wind_Temperature_Interaction_day_cycle_sin_day_cycle_cos_year_cycle_sin_year_cycle_cos_minute_cycle_sin_minute_cycle_cos_second_cycle_sin_second_cycle_cos_Distance_Model_Frequency_Model_Rareness
0,0.050756953706845784,3.4999999999999987,34.53345116279067,-80.6484048650172,20,64,8,64,4,64,Course_sin_Course_cos_Speed_Altitude_Ratio_BarometricPressure_RelativeHumidity_Wind_Temperature_Interaction_day_cycle_sin_day_cycle_cos_year_cycle_sin_year_cycle_cos_minute_cycle_sin_minute_cycle_cos_second_cycle_sin_second_cycle_cos_Distance_Model_Frequency_Model_Rareness
0,0.05254362939990597,3.6104651162790686,37.35203023255813,-19.539178543535133,20,64,12,16,2,64,Course_sin_Course_cos_Speed_Altitude_Ratio_BarometricPressure_RelativeHumidity_Wind_Temperature_Interaction_day_cycle_sin_day_cycle_cos_year_cycle_sin_year_cycle_cos_minute_cycle_sin_minute_cycle_cos_second_cycle_sin_second_cycle_cos_Distance_Model_Frequency_Model_Rareness
0,0.04894933264474603,3.404883720930232,31.00929069767441,-52.070076700350064,20,64,12,16,4,64,Course_sin_Course_cos_Speed_Altitude_Ratio_BarometricPressure_RelativeHumidity_Wind_Temperature_Interaction_day_cycle_sin_day_cycle_cos_year_cycle_sin_year_cycle_cos_minute_cycle_sin_minute_cycle_cos_second_cycle_sin_second_cycle_cos_Distance_Model_Frequency_Model_Rareness
0,0.052049716029068785,3.550930232558137,36.85159302325578,-53.82107597630442,20,64,12,32,2,64,Course_sin_Course_cos_Speed_Altitude_Ratio_BarometricPressure_RelativeHumidity_Wind_Temperature_Interaction_day_cycle_sin_day_cycle_cos_year_cycle_sin_year_cycle_cos_minute_cycle_sin_minute_cycle_cos_second_cycle_sin_second_cycle_cos_Distance_Model_Frequency_Model_Rareness
0,0.0533548158665881,3.7141860465116263,33.30282093023254,-43.05453986241244,20,64,12,32,4,64,Course_sin_Course_cos_Speed_Altitude_Ratio_BarometricPressure_RelativeHumidity_Wind_Temperature_Interaction_day_cycle_sin_day_cycle_cos_year_cycle_sin_year_cycle_cos_minute_cycle_sin_minute_cycle_cos_second_cycle_sin_second_cycle_cos_Distance_Model_Frequency_Model_Rareness
0,0.050254812047180436,3.4644186046511622,33.71316046511624,-53.401643596275484,20,64,12,64,2,64,Course_sin_Course_cos_Speed_Altitude_Ratio_BarometricPressure_RelativeHumidity_Wind_Temperature_Interaction_day_cycle_sin_day_cycle_cos_year_cycle_sin_year_cycle_cos_minute_cycle_sin_minute_cycle_cos_second_cycle_sin_second_cycle_cos_Distance_Model_Frequency_Model_Rareness
0,0.05145121099094872,3.5634883720930235,33.623225581395324,-30.134574546082437,20,64,12,64,4,64,Course_sin_Course_cos_Speed_Altitude_Ratio_BarometricPressure_RelativeHumidity_Wind_Temperature_Interaction_day_cycle_sin_day_cycle_cos_year_cycle_sin_year_cycle_cos_minute_cycle_sin_minute_cycle_cos_second_cycle_sin_second_cycle_cos_Distance_Model_Frequency_Model_Rareness
0,0.021767510391287877,1.5075757575757562,3.5795363636363566,-9.770540926018132,30,32,4,16,2,64,Course_sin_Course_cos_Speed_Altitude_Ratio_BarometricPressure_RelativeHumidity_Wind_Temperature_Interaction_day_cycle_sin_day_cycle_cos_year_cycle_sin_year_cycle_cos_minute_cycle_sin_minute_cycle_cos_second_cycle_sin_second_cycle_cos_Distance_Model_Frequency_Model_Rareness
0,0.020409143758641026,1.4036363636363633,2.656781818181817,-7.622305785921986,30,32,4,16,4,64,Course_sin_Course_cos_Speed_Altitude_Ratio_BarometricPressure_RelativeHumidity_Wind_Temperature_Interaction_day_cycle_sin_day_cycle_cos_year_cycle_sin_year_cycle_cos_minute_cycle_sin_minute_cycle_cos_second_cycle_sin_second_cycle_cos_Distance_Model_Frequency_Model_Rareness
0,0.02271691011013268,1.5803030303030297,4.189154545454542,-9.621366038463334,30,32,4,32,2,64,Course_sin_Course_cos_Speed_Altitude_Ratio_BarometricPressure_RelativeHumidity_Wind_Temperature_Interaction_day_cycle_sin_day_cycle_cos_year_cycle_sin_year_cycle_cos_minute_cycle_sin_minute_cycle_cos_second_cycle_sin_second_cycle_cos_Distance_Model_Frequency_Model_Rareness
0,0.028577177734193597,2.007878787878788,6.454872727272725,-4.785115698916645,30,32,4,32,4,64,Course_sin_Course_cos_Speed_Altitude_Ratio_BarometricPressure_RelativeHumidity_Wind_Temperature_Interaction_day_cycle_sin_day_cycle_cos_year_cycle_sin_year_cycle_cos_minute_cycle_sin_minute_cycle_cos_second_cycle_sin_second_cycle_cos_Distance_Model_Frequency_Model_Rareness
0,0.02645055386015529,1.8457575757575753,5.257760606060605,-8.61806479681912,30,32,4,64,2,64,Course_sin_Course_cos_Speed_Altitude_Ratio_BarometricPressure_RelativeHumidity_Wind_Temperature_Interaction_day_cycle_sin_day_cycle_cos_year_cycle_sin_year_cycle_cos_minute_cycle_sin_minute_cycle_cos_second_cycle_sin_second_cycle_cos_Distance_Model_Frequency_Model_Rareness
0,0.028143508245755365,1.9778787878787882,6.349984848484844,-5.241557136900041,30,32,4,64,4,64,Course_sin_Course_cos_Speed_Altitude_Ratio_BarometricPressure_RelativeHumidity_Wind_Temperature_Interaction_day_cycle_sin_day_cycle_cos_year_cycle_sin_year_cycle_cos_minute_cycle_sin_minute_cycle_cos_second_cycle_sin_second_cycle_cos_Distance_Model_Frequency_Model_Rareness
0,0.030219637659291292,2.123030303030303,6.7524969696969634,-8.940497623111428,30,32,8,16,2,64,Course_sin_Course_cos_Speed_Altitude_Ratio_BarometricPressure_RelativeHumidity_Wind_Temperature_Interaction_day_cycle_sin_day_cycle_cos_year_cycle_sin_year_cycle_cos_minute_cycle_sin_minute_cycle_cos_second_cycle_sin_second_cycle_cos_Distance_Model_Frequency_Model_Rareness
0,0.027615962595579534,1.9333333333333333,5.8481212121212085,-7.346864246305618,30,32,8,16,4,64,Course_sin_Course_cos_Speed_Altitude_Ratio_BarometricPressure_RelativeHumidity_Wind_Temperature_Interaction_day_cycle_sin_day_cycle_cos_year_cycle_sin_year_cycle_cos_minute_cycle_sin_minute_cycle_cos_second_cycle_sin_second_cycle_cos_Distance_Model_Frequency_Model_Rareness
0,0.020679521717242313,1.4278787878787875,3.0396666666666667,-9.52120070586384,30,32,8,32,2,64,Course_sin_Course_cos_Speed_Altitude_Ratio_BarometricPressure_RelativeHumidity_Wind_Temperature_Interaction_day_cycle_sin_day_cycle_cos_year_cycle_sin_year_cycle_cos_minute_cycle_sin_minute_cycle_cos_second_cycle_sin_second_cycle_cos_Distance_Model_Frequency_Model_Rareness
0,0.03580471367041938,2.5418181818181806,9.469333333333326,-5.5942053173876936,30,32,8,32,4,64,Course_sin_Course_cos_Speed_Altitude_Ratio_BarometricPressure_RelativeHumidity_Wind_Temperature_Interaction_day_cycle_sin_day_cycle_cos_year_cycle_sin_year_cycle_cos_minute_cycle_sin_minute_cycle_cos_second_cycle_sin_second_cycle_cos_Distance_Model_Frequency_Model_Rareness
0,0.032042337326984714,2.2599999999999985,7.713236363636359,-5.504852242678269,30,32,8,64,2,64,Course_sin_Course_cos_Speed_Altitude_Ratio_BarometricPressure_RelativeHumidity_Wind_Temperature_Interaction_day_cycle_sin_day_cycle_cos_year_cycle_sin_year_cycle_cos_minute_cycle_sin_minute_cycle_cos_second_cycle_sin_second_cycle_cos_Distance_Model_Frequency_Model_Rareness
0,0.022311998380107216,1.5460606060606055,4.122006060606057,-3.0369498624301956,30,32,8,64,4,64,Course_sin_Course_cos_Speed_Altitude_Ratio_BarometricPressure_RelativeHumidity_Wind_Temperature_Interaction_day_cycle_sin_day_cycle_cos_year_cycle_sin_year_cycle_cos_minute_cycle_sin_minute_cycle_cos_second_cycle_sin_second_cycle_cos_Distance_Model_Frequency_Model_Rareness
0,0.03736965372130588,2.657575757575758,10.44204242424243,-7.798169491693271,30,32,12,16,2,64,Course_sin_Course_cos_Speed_Altitude_Ratio_BarometricPressure_RelativeHumidity_Wind_Temperature_Interaction_day_cycle_sin_day_cycle_cos_year_cycle_sin_year_cycle_cos_minute_cycle_sin_minute_cycle_cos_second_cycle_sin_second_cycle_cos_Distance_Model_Frequency_Model_Rareness
0,0.02255462652760666,1.5521212121212116,3.334878787878785,-8.0183023947769,30,32,12,16,4,64,Course_sin_Course_cos_Speed_Altitude_Ratio_BarometricPressure_RelativeHumidity_Wind_Temperature_Interaction_day_cycle_sin_day_cycle_cos_year_cycle_sin_year_cycle_cos_minute_cycle_sin_minute_cycle_cos_second_cycle_sin_second_cycle_cos_Distance_Model_Frequency_Model_Rareness
0,0.025205750604344924,1.7596969696969709,5.024124242424243,-7.387424454070276,30,32,12,32,2,64,Course_sin_Course_cos_Speed_Altitude_Ratio_BarometricPressure_RelativeHumidity_Wind_Temperature_Interaction_day_cycle_sin_day_cycle_cos_year_cycle_sin_year_cycle_cos_minute_cycle_sin_minute_cycle_cos_second_cycle_sin_second_cycle_cos_Distance_Model_Frequency_Model_Rareness
0,0.022846750036979082,1.593030303030302,4.4541181818181785,-5.206610911426699,30,32,12,32,4,64,Course_sin_Course_cos_Speed_Altitude_Ratio_BarometricPressure_RelativeHumidity_Wind_Temperature_Interaction_day_cycle_sin_day_cycle_cos_year_cycle_sin_year_cycle_cos_minute_cycle_sin_minute_cycle_cos_second_cycle_sin_second_cycle_cos_Distance_Model_Frequency_Model_Rareness
0,0.024670170486722823,1.7160606060606058,4.52274848484848,-19.400942657683274,30,32,12,64,2,64,Course_sin_Course_cos_Speed_Altitude_Ratio_BarometricPressure_RelativeHumidity_Wind_Temperature_Interaction_day_cycle_sin_day_cycle_cos_year_cycle_sin_year_cycle_cos_minute_cycle_sin_minute_cycle_cos_second_cycle_sin_second_cycle_cos_Distance_Model_Frequency_Model_Rareness
0,0.022376876945384417,1.5530303030303048,3.827627272727275,-13.983583533855606,30,32,12,64,4,64,Course_sin_Course_cos_Speed_Altitude_Ratio_BarometricPressure_RelativeHumidity_Wind_Temperature_Interaction_day_cycle_sin_day_cycle_cos_year_cycle_sin_year_cycle_cos_minute_cycle_sin_minute_cycle_cos_second_cycle_sin_second_cycle_cos_Distance_Model_Frequency_Model_Rareness
0,0.027273937308168496,1.9042424242424223,5.676624242424234,-11.325208299688374,30,64,4,16,2,64,Course_sin_Course_cos_Speed_Altitude_Ratio_BarometricPressure_RelativeHumidity_Wind_Temperature_Interaction_day_cycle_sin_day_cycle_cos_year_cycle_sin_year_cycle_cos_minute_cycle_sin_minute_cycle_cos_second_cycle_sin_second_cycle_cos_Distance_Model_Frequency_Model_Rareness
0,0.030725521702893478,2.1606060606060606,7.1480424242424245,-28.262218062071433,30,64,4,16,4,64,Course_sin_Course_cos_Speed_Altitude_Ratio_BarometricPressure_RelativeHumidity_Wind_Temperature_Interaction_day_cycle_sin_day_cycle_cos_year_cycle_sin_year_cycle_cos_minute_cycle_sin_minute_cycle_cos_second_cycle_sin_second_cycle_cos_Distance_Model_Frequency_Model_Rareness
0,0.024540771892608684,1.6921212121212106,4.053424242424236,-5.941231507573084,30,64,4,32,2,64,Course_sin_Course_cos_Speed_Altitude_Ratio_BarometricPressure_RelativeHumidity_Wind_Temperature_Interaction_day_cycle_sin_day_cycle_cos_year_cycle_sin_year_cycle_cos_minute_cycle_sin_minute_cycle_cos_second_cycle_sin_second_cycle_cos_Distance_Model_Frequency_Model_Rareness
0,0.026254431363810386,1.8312121212121193,5.288360606060595,-4.952637816566513,30,64,4,32,4,64,Course_sin_Course_cos_Speed_Altitude_Ratio_BarometricPressure_RelativeHumidity_Wind_Temperature_Interaction_day_cycle_sin_day_cycle_cos_year_cycle_sin_year_cycle_cos_minute_cycle_sin_minute_cycle_cos_second_cycle_sin_second_cycle_cos_Distance_Model_Frequency_Model_Rareness
0,0.021447957644055736,1.4727272727272729,2.968727272727274,-5.734430136107386,30,64,4,64,2,64,Course_sin_Course_cos_Speed_Altitude_Ratio_BarometricPressure_RelativeHumidity_Wind_Temperature_Interaction_day_cycle_sin_day_cycle_cos_year_cycle_sin_year_cycle_cos_minute_cycle_sin_minute_cycle_cos_second_cycle_sin_second_cycle_cos_Distance_Model_Frequency_Model_Rareness
0,0.02620365125930512,1.8296969696969687,5.254854545454543,-33.54736807789292,30,64,4,64,4,64,Course_sin_Course_cos_Speed_Altitude_Ratio_BarometricPressure_RelativeHumidity_Wind_Temperature_Interaction_day_cycle_sin_day_cycle_cos_year_cycle_sin_year_cycle_cos_minute_cycle_sin_minute_cycle_cos_second_cycle_sin_second_cycle_cos_Distance_Model_Frequency_Model_Rareness
0,0.027668120661195904,1.9312121212121214,5.491348484848484,-5.443505742618281,30,64,8,16,2,64,Course_sin_Course_cos_Speed_Altitude_Ratio_BarometricPressure_RelativeHumidity_Wind_Temperature_Interaction_day_cycle_sin_day_cycle_cos_year_cycle_sin_year_cycle_cos_minute_cycle_sin_minute_cycle_cos_second_cycle_sin_second_cycle_cos_Distance_Model_Frequency_Model_Rareness
0,0.04312274668797578,3.0824242424242416,12.761745454545451,-14.924945627886208,30,64,8,16,4,64,Course_sin_Course_cos_Speed_Altitude_Ratio_BarometricPressure_RelativeHumidity_Wind_Temperature_Interaction_day_cycle_sin_day_cycle_cos_year_cycle_sin_year_cycle_cos_minute_cycle_sin_minute_cycle_cos_second_cycle_sin_second_cycle_cos_Distance_Model_Frequency_Model_Rareness
0,0.027976720763220563,1.9663636363636354,6.076118181818175,-3.8152952470802415,30,64,8,32,2,64,Course_sin_Course_cos_Speed_Altitude_Ratio_BarometricPressure_RelativeHumidity_Wind_Temperature_Interaction_day_cycle_sin_day_cycle_cos_year_cycle_sin_year_cycle_cos_minute_cycle_sin_minute_cycle_cos_second_cycle_sin_second_cycle_cos_Distance_Model_Frequency_Model_Rareness
0,0.035224888408069116,2.496969696969696,9.324666666666658,-8.88404748129397,30,64,8,32,4,64,Course_sin_Course_cos_Speed_Altitude_Ratio_BarometricPressure_RelativeHumidity_Wind_Temperature_Interaction_day_cycle_sin_day_cycle_cos_year_cycle_sin_year_cycle_cos_minute_cycle_sin_minute_cycle_cos_second_cycle_sin_second_cycle_cos_Distance_Model_Frequency_Model_Rareness
0,0.030098779325307985,2.122424242424241,7.3237212121212085,-3.1743299456959866,30,64,8,64,2,64,Course_sin_Course_cos_Speed_Altitude_Ratio_BarometricPressure_RelativeHumidity_Wind_Temperature_Interaction_day_cycle_sin_day_cycle_cos_year_cycle_sin_year_cycle_cos_minute_cycle_sin_minute_cycle_cos_second_cycle_sin_second_cycle_cos_Distance_Model_Frequency_Model_Rareness
0,0.02230883239001549,1.5221212121212122,2.895233333333333,-16.276990527793515,30,64,8,64,4,64,Course_sin_Course_cos_Speed_Altitude_Ratio_BarometricPressure_RelativeHumidity_Wind_Temperature_Interaction_day_cycle_sin_day_cycle_cos_year_cycle_sin_year_cycle_cos_minute_cycle_sin_minute_cycle_cos_second_cycle_sin_second_cycle_cos_Distance_Model_Frequency_Model_Rareness
0,0.028873325374495263,2.028787878787877,6.577221212121202,-12.585140014725816,30,64,12,16,2,64,Course_sin_Course_cos_Speed_Altitude_Ratio_BarometricPressure_RelativeHumidity_Wind_Temperature_Interaction_day_cycle_sin_day_cycle_cos_year_cycle_sin_year_cycle_cos_minute_cycle_sin_minute_cycle_cos_second_cycle_sin_second_cycle_cos_Distance_Model_Frequency_Model_Rareness
0,0.028106572856700682,1.9703030303030293,6.013042424242421,-11.738336846577454,30,64,12,16,4,64,Course_sin_Course_cos_Speed_Altitude_Ratio_BarometricPressure_RelativeHumidity_Wind_Temperature_Interaction_day_cycle_sin_day_cycle_cos_year_cycle_sin_year_cycle_cos_minute_cycle_sin_minute_cycle_cos_second_cycle_sin_second_cycle_cos_Distance_Model_Frequency_Model_Rareness
0,0.023985102754398774,1.6530303030303009,4.1084575757575665,-4.480071721763255,30,64,12,32,2,64,Course_sin_Course_cos_Speed_Altitude_Ratio_BarometricPressure_RelativeHumidity_Wind_Temperature_Interaction_day_cycle_sin_day_cycle_cos_year_cycle_sin_year_cycle_cos_minute_cycle_sin_minute_cycle_cos_second_cycle_sin_second_cycle_cos_Distance_Model_Frequency_Model_Rareness
0,0.02757725845476885,1.9303030303030295,5.682030303030295,-14.543251202720146,30,64,12,32,4,64,Course_sin_Course_cos_Speed_Altitude_Ratio_BarometricPressure_RelativeHumidity_Wind_Temperature_Interaction_day_cycle_sin_day_cycle_cos_year_cycle_sin_year_cycle_cos_minute_cycle_sin_minute_cycle_cos_second_cycle_sin_second_cycle_cos_Distance_Model_Frequency_Model_Rareness
0,0.029542914680226864,2.064545454545453,5.610421212121206,-7.396615681125461,30,64,12,64,2,64,Course_sin_Course_cos_Speed_Altitude_Ratio_BarometricPressure_RelativeHumidity_Wind_Temperature_Interaction_day_cycle_sin_day_cycle_cos_year_cycle_sin_year_cycle_cos_minute_cycle_sin_minute_cycle_cos_second_cycle_sin_second_cycle_cos_Distance_Model_Frequency_Model_Rareness
0,0.02083839290181013,1.4424242424242417,3.379151515151513,-13.960094446395816,30,64,12,64,4,64,Course_sin_Course_cos_Speed_Altitude_Ratio_BarometricPressure_RelativeHumidity_Wind_Temperature_Interaction_day_cycle_sin_day_cycle_cos_year_cycle_sin_year_cycle_cos_minute_cycle_sin_minute_cycle_cos_second_cycle_sin_second_cycle_cos_Distance_Model_Frequency_Model_Rareness
0,0.02752182326941202,1.9213043478260856,5.374639130434775,-4.409575374878516,40,32,4,16,2,64,Course_sin_Course_cos_Speed_Altitude_Ratio_BarometricPressure_RelativeHumidity_Wind_Temperature_Interaction_day_cycle_sin_day_cycle_cos_year_cycle_sin_year_cycle_cos_minute_cycle_sin_minute_cycle_cos_second_cycle_sin_second_cycle_cos_Distance_Model_Frequency_Model_Rareness
0,0.03863567501348973,2.743478260869565,10.118295652173906,-11.729970656688005,40,32,4,16,4,64,Course_sin_Course_cos_Speed_Altitude_Ratio_BarometricPressure_RelativeHumidity_Wind_Temperature_Interaction_day_cycle_sin_day_cycle_cos_year_cycle_sin_year_cycle_cos_minute_cycle_sin_minute_cycle_cos_second_cycle_sin_second_cycle_cos_Distance_Model_Frequency_Model_Rareness
0,0.02008278895520484,1.379130434782608,2.9014956521739097,-10.401844332621799,40,32,4,32,2,64,Course_sin_Course_cos_Speed_Altitude_Ratio_BarometricPressure_RelativeHumidity_Wind_Temperature_Interaction_day_cycle_sin_day_cycle_cos_year_cycle_sin_year_cycle_cos_minute_cycle_sin_minute_cycle_cos_second_cycle_sin_second_cycle_cos_Distance_Model_Frequency_Model_Rareness
0,0.01865870715118268,1.273478260869566,2.3880217391304357,-3.260125382758022,40,32,4,32,4,64,Course_sin_Course_cos_Speed_Altitude_Ratio_BarometricPressure_RelativeHumidity_Wind_Temperature_Interaction_day_cycle_sin_day_cycle_cos_year_cycle_sin_year_cycle_cos_minute_cycle_sin_minute_cycle_cos_second_cycle_sin_second_cycle_cos_Distance_Model_Frequency_Model_Rareness
0,0.02379602965408431,1.6526086956521748,4.083152173913043,-13.664722448153837,40,32,4,64,2,64,Course_sin_Course_cos_Speed_Altitude_Ratio_BarometricPressure_RelativeHumidity_Wind_Temperature_Interaction_day_cycle_sin_day_cycle_cos_year_cycle_sin_year_cycle_cos_minute_cycle_sin_minute_cycle_cos_second_cycle_sin_second_cycle_cos_Distance_Model_Frequency_Model_Rareness
0,0.025250245393740666,1.756956521739129,4.355526086956517,-13.842447663355188,40,32,4,64,4,64,Course_sin_Course_cos_Speed_Altitude_Ratio_BarometricPressure_RelativeHumidity_Wind_Temperature_Interaction_day_cycle_sin_day_cycle_cos_year_cycle_sin_year_cycle_cos_minute_cycle_sin_minute_cycle_cos_second_cycle_sin_second_cycle_cos_Distance_Model_Frequency_Model_Rareness
0,0.027742205723906375,1.9395652173913056,5.702900000000006,-8.73400882529832,40,32,8,16,2,64,Course_sin_Course_cos_Speed_Altitude_Ratio_BarometricPressure_RelativeHumidity_Wind_Temperature_Interaction_day_cycle_sin_day_cycle_cos_year_cycle_sin_year_cycle_cos_minute_cycle_sin_minute_cycle_cos_second_cycle_sin_second_cycle_cos_Distance_Model_Frequency_Model_Rareness
0,0.033398342487559664,2.352608695652173,7.330099999999994,-15.450359881315016,40,32,8,16,4,64,Course_sin_Course_cos_Speed_Altitude_Ratio_BarometricPressure_RelativeHumidity_Wind_Temperature_Interaction_day_cycle_sin_day_cycle_cos_year_cycle_sin_year_cycle_cos_minute_cycle_sin_minute_cycle_cos_second_cycle_sin_second_cycle_cos_Distance_Model_Frequency_Model_Rareness
0,0.028100946141770018,1.9591304347826088,5.378521739130433,-12.566867379109988,40,32,8,32,2,64,Course_sin_Course_cos_Speed_Altitude_Ratio_BarometricPressure_RelativeHumidity_Wind_Temperature_Interaction_day_cycle_sin_day_cycle_cos_year_cycle_sin_year_cycle_cos_minute_cycle_sin_minute_cycle_cos_second_cycle_sin_second_cycle_cos_Distance_Model_Frequency_Model_Rareness
0,0.025577456970299266,1.788260869565216,5.3462304347826075,-27.240384519370732,40,32,8,32,4,64,Course_sin_Course_cos_Speed_Altitude_Ratio_BarometricPressure_RelativeHumidity_Wind_Temperature_Interaction_day_cycle_sin_day_cycle_cos_year_cycle_sin_year_cycle_cos_minute_cycle_sin_minute_cycle_cos_second_cycle_sin_second_cycle_cos_Distance_Model_Frequency_Model_Rareness
0,0.019214080959269103,1.326086956521741,2.827426086956527,-15.180245866525809,40,32,8,64,2,64,Course_sin_Course_cos_Speed_Altitude_Ratio_BarometricPressure_RelativeHumidity_Wind_Temperature_Interaction_day_cycle_sin_day_cycle_cos_year_cycle_sin_year_cycle_cos_minute_cycle_sin_minute_cycle_cos_second_cycle_sin_second_cycle_cos_Distance_Model_Frequency_Model_Rareness
0,0.025383083310962312,1.7665217391304353,4.627152173913043,-8.797794882879387,40,32,8,64,4,64,Course_sin_Course_cos_Speed_Altitude_Ratio_BarometricPressure_RelativeHumidity_Wind_Temperature_Interaction_day_cycle_sin_day_cycle_cos_year_cycle_sin_year_cycle_cos_minute_cycle_sin_minute_cycle_cos_second_cycle_sin_second_cycle_cos_Distance_Model_Frequency_Model_Rareness
0,0.02518232886169797,1.7421739130434792,4.341856521739133,-5.86971381502599,40,32,12,16,2,64,Course_sin_Course_cos_Speed_Altitude_Ratio_BarometricPressure_RelativeHumidity_Wind_Temperature_Interaction_day_cycle_sin_day_cycle_cos_year_cycle_sin_year_cycle_cos_minute_cycle_sin_minute_cycle_cos_second_cycle_sin_second_cycle_cos_Distance_Model_Frequency_Model_Rareness
0,0.043370232139307255,3.090869565217389,12.046230434782592,-35.832876134327485,40,32,12,16,4,64,Course_sin_Course_cos_Speed_Altitude_Ratio_BarometricPressure_RelativeHumidity_Wind_Temperature_Interaction_day_cycle_sin_day_cycle_cos_year_cycle_sin_year_cycle_cos_minute_cycle_sin_minute_cycle_cos_second_cycle_sin_second_cycle_cos_Distance_Model_Frequency_Model_Rareness
0,0.021950448654828453,1.5169565217391305,3.5867086956521748,-15.113591044045936,40,32,12,32,2,64,Course_sin_Course_cos_Speed_Altitude_Ratio_BarometricPressure_RelativeHumidity_Wind_Temperature_Interaction_day_cycle_sin_day_cycle_cos_year_cycle_sin_year_cycle_cos_minute_cycle_sin_minute_cycle_cos_second_cycle_sin_second_cycle_cos_Distance_Model_Frequency_Model_Rareness
0,0.023357390371081338,1.625217391304345,4.30693913043477,-34.105326574320685,40,32,12,32,4,64,Course_sin_Course_cos_Speed_Altitude_Ratio_BarometricPressure_RelativeHumidity_Wind_Temperature_Interaction_day_cycle_sin_day_cycle_cos_year_cycle_sin_year_cycle_cos_minute_cycle_sin_minute_cycle_cos_second_cycle_sin_second_cycle_cos_Distance_Model_Frequency_Model_Rareness
0,0.024477014129702535,1.7039130434782594,4.499169565217385,-6.968944342696042,40,32,12,64,2,64,Course_sin_Course_cos_Speed_Altitude_Ratio_BarometricPressure_RelativeHumidity_Wind_Temperature_Interaction_day_cycle_sin_day_cycle_cos_year_cycle_sin_year_cycle_cos_minute_cycle_sin_minute_cycle_cos_second_cycle_sin_second_cycle_cos_Distance_Model_Frequency_Model_Rareness
0,0.020815955648131025,1.434347826086955,3.483152173913038,-2.4611668941442346,40,32,12,64,4,64,Course_sin_Course_cos_Speed_Altitude_Ratio_BarometricPressure_RelativeHumidity_Wind_Temperature_Interaction_day_cycle_sin_day_cycle_cos_year_cycle_sin_year_cycle_cos_minute_cycle_sin_minute_cycle_cos_second_cycle_sin_second_cycle_cos_Distance_Model_Frequency_Model_Rareness
0,0.02270047542294873,1.5652173913043483,3.31814782608696,-10.68064910676615,40,64,4,16,2,64,Course_sin_Course_cos_Speed_Altitude_Ratio_BarometricPressure_RelativeHumidity_Wind_Temperature_Interaction_day_cycle_sin_day_cycle_cos_year_cycle_sin_year_cycle_cos_minute_cycle_sin_minute_cycle_cos_second_cycle_sin_second_cycle_cos_Distance_Model_Frequency_Model_Rareness
0,0.04430822652142117,3.1569565217391298,12.095047826086953,-71.33536793551416,40,64,4,16,4,64,Course_sin_Course_cos_Speed_Altitude_Ratio_BarometricPressure_RelativeHumidity_Wind_Temperature_Interaction_day_cycle_sin_day_cycle_cos_year_cycle_sin_year_cycle_cos_minute_cycle_sin_minute_cycle_cos_second_cycle_sin_second_cycle_cos_Distance_Model_Frequency_Model_Rareness
0,0.020615967446372768,1.4208695652173922,3.2982521739130455,-3.6021427380708726,40,64,4,32,2,64,Course_sin_Course_cos_Speed_Altitude_Ratio_BarometricPressure_RelativeHumidity_Wind_Temperature_Interaction_day_cycle_sin_day_cycle_cos_year_cycle_sin_year_cycle_cos_minute_cycle_sin_minute_cycle_cos_second_cycle_sin_second_cycle_cos_Distance_Model_Frequency_Model_Rareness
0,0.022833544805438498,1.5852173913043475,3.9108173913043442,-16.939093759538352,40,64,4,32,4,64,Course_sin_Course_cos_Speed_Altitude_Ratio_BarometricPressure_RelativeHumidity_Wind_Temperature_Interaction_day_cycle_sin_day_cycle_cos_year_cycle_sin_year_cycle_cos_minute_cycle_sin_minute_cycle_cos_second_cycle_sin_second_cycle_cos_Distance_Model_Frequency_Model_Rareness
0,0.023319385695592984,1.6178260869565226,3.900126086956522,-13.280776983157844,40,64,4,64,2,64,Course_sin_Course_cos_Speed_Altitude_Ratio_BarometricPressure_RelativeHumidity_Wind_Temperature_Interaction_day_cycle_sin_day_cycle_cos_year_cycle_sin_year_cycle_cos_minute_cycle_sin_minute_cycle_cos_second_cycle_sin_second_cycle_cos_Distance_Model_Frequency_Model_Rareness
0,0.02734940421542364,1.9126086956521737,5.515656521739127,-17.216124408306417,40,64,4,64,4,64,Course_sin_Course_cos_Speed_Altitude_Ratio_BarometricPressure_RelativeHumidity_Wind_Temperature_Interaction_day_cycle_sin_day_cycle_cos_year_cycle_sin_year_cycle_cos_minute_cycle_sin_minute_cycle_cos_second_cycle_sin_second_cycle_cos_Distance_Model_Frequency_Model_Rareness
0,0.0333705744018333,2.196086956521742,6.960778260869574,-12.137498679917924,40,64,8,16,2,64,Course_sin_Course_cos_Speed_Altitude_Ratio_BarometricPressure_RelativeHumidity_Wind_Temperature_Interaction_day_cycle_sin_day_cycle_cos_year_cycle_sin_year_cycle_cos_minute_cycle_sin_minute_cycle_cos_second_cycle_sin_second_cycle_cos_Distance_Model_Frequency_Model_Rareness
0,0.02648495161490911,1.8539130434782602,5.478947826086959,-4.96773093643742,40,64,8,16,4,64,Course_sin_Course_cos_Speed_Altitude_Ratio_BarometricPressure_RelativeHumidity_Wind_Temperature_Interaction_day_cycle_sin_day_cycle_cos_year_cycle_sin_year_cycle_cos_minute_cycle_sin_minute_cycle_cos_second_cycle_sin_second_cycle_cos_Distance_Model_Frequency_Model_Rareness
0,0.020969935453496,1.4230434782608692,2.737856521739127,-6.226894861377639,40,64,8,32,2,64,Course_sin_Course_cos_Speed_Altitude_Ratio_BarometricPressure_RelativeHumidity_Wind_Temperature_Interaction_day_cycle_sin_day_cycle_cos_year_cycle_sin_year_cycle_cos_minute_cycle_sin_minute_cycle_cos_second_cycle_sin_second_cycle_cos_Distance_Model_Frequency_Model_Rareness
0,0.028647250652129683,2.01391304347826,6.356,-4.7292737678051076,40,64,8,32,4,64,Course_sin_Course_cos_Speed_Altitude_Ratio_BarometricPressure_RelativeHumidity_Wind_Temperature_Interaction_day_cycle_sin_day_cycle_cos_year_cycle_sin_year_cycle_cos_minute_cycle_sin_minute_cycle_cos_second_cycle_sin_second_cycle_cos_Distance_Model_Frequency_Model_Rareness
0,0.022235151623809415,1.541304347826087,3.62089130434783,-7.182787729138855,40,64,8,64,2,64,Course_sin_Course_cos_Speed_Altitude_Ratio_BarometricPressure_RelativeHumidity_Wind_Temperature_Interaction_day_cycle_sin_day_cycle_cos_year_cycle_sin_year_cycle_cos_minute_cycle_sin_minute_cycle_cos_second_cycle_sin_second_cycle_cos_Distance_Model_Frequency_Model_Rareness
0,0.022442858166931517,1.5586956521739135,4.18335217391305,-11.426654440254158,40,64,8,64,4,64,Course_sin_Course_cos_Speed_Altitude_Ratio_BarometricPressure_RelativeHumidity_Wind_Temperature_Interaction_day_cycle_sin_day_cycle_cos_year_cycle_sin_year_cycle_cos_minute_cycle_sin_minute_cycle_cos_second_cycle_sin_second_cycle_cos_Distance_Model_Frequency_Model_Rareness
0,0.032651687657794234,2.3169565217391312,9.097821739130437,-2.665562319730265,40,64,12,16,2,64,Course_sin_Course_cos_Speed_Altitude_Ratio_BarometricPressure_RelativeHumidity_Wind_Temperature_Interaction_day_cycle_sin_day_cycle_cos_year_cycle_sin_year_cycle_cos_minute_cycle_sin_minute_cycle_cos_second_cycle_sin_second_cycle_cos_Distance_Model_Frequency_Model_Rareness
0,0.019953171810030108,1.3786956521739122,2.989569565217386,-10.765405674835215,40,64,12,16,4,64,Course_sin_Course_cos_Speed_Altitude_Ratio_BarometricPressure_RelativeHumidity_Wind_Temperature_Interaction_day_cycle_sin_day_cycle_cos_year_cycle_sin_year_cycle_cos_minute_cycle_sin_minute_cycle_cos_second_cycle_sin_second_cycle_cos_Distance_Model_Frequency_Model_Rareness
0,0.02123953241103137,1.4534782608695662,2.9553260869565254,-3.428354008290385,40,64,12,32,2,64,Course_sin_Course_cos_Speed_Altitude_Ratio_BarometricPressure_RelativeHumidity_Wind_Temperature_Interaction_day_cycle_sin_day_cycle_cos_year_cycle_sin_year_cycle_cos_minute_cycle_sin_minute_cycle_cos_second_cycle_sin_second_cycle_cos_Distance_Model_Frequency_Model_Rareness
0,0.018938902979869877,1.3043478260869572,2.596486956521738,-27.770691858151253,40,64,12,32,4,64,Course_sin_Course_cos_Speed_Altitude_Ratio_BarometricPressure_RelativeHumidity_Wind_Temperature_Interaction_day_cycle_sin_day_cycle_cos_year_cycle_sin_year_cycle_cos_minute_cycle_sin_minute_cycle_cos_second_cycle_sin_second_cycle_cos_Distance_Model_Frequency_Model_Rareness
0,0.02609163816223743,1.816521739130435,4.715147826086963,-12.709597491909383,40,64,12,64,2,64,Course_sin_Course_cos_Speed_Altitude_Ratio_BarometricPressure_RelativeHumidity_Wind_Temperature_Interaction_day_cycle_sin_day_cycle_cos_year_cycle_sin_year_cycle_cos_minute_cycle_sin_minute_cycle_cos_second_cycle_sin_second_cycle_cos_Distance_Model_Frequency_Model_Rareness
0,0.020099312198473218,1.3830434782608672,3.1470478260869488,-5.635938034380542,40,64,12,64,4,64,Course_sin_Course_cos_Speed_Altitude_Ratio_BarometricPressure_RelativeHumidity_Wind_Temperature_Interaction_day_cycle_sin_day_cycle_cos_year_cycle_sin_year_cycle_cos_minute_cycle_sin_minute_cycle_cos_second_cycle_sin_second_cycle_cos_Distance_Model_Frequency_Model_Rareness
